run_id,status
E0_smoke_cache_sens,complete
E0_smoke_cpu_ctrl,complete
E0_smoke_ptr_chase,complete
E0_smoke_stream_mem,complete
E1_cache_sens_r1,complete
E1_cache_sens_r10,complete
E1_cache_sens_r2,complete
E1_cache_sens_r3,complete
E1_cache_sens_r4,complete
E1_cache_sens_r5,complete
E1_cache_sens_r6,complete
E1_cache_sens_r7,complete
E1_cache_sens_r8,complete
E1_cache_sens_r9,complete
E1_cpu_ctrl_r1,complete
E1_cpu_ctrl_r10,complete
E1_cpu_ctrl_r2,complete
E1_cpu_ctrl_r3,complete
E1_cpu_ctrl_r4,complete
E1_cpu_ctrl_r5,complete
E1_cpu_ctrl_r6,complete
E1_cpu_ctrl_r7,complete
E1_cpu_ctrl_r8,complete
E1_cpu_ctrl_r9,complete
E1_ptr_chase_r1,complete
E1_ptr_chase_r10,complete
E1_ptr_chase_r2,complete
E1_ptr_chase_r3,complete
E1_ptr_chase_r4,complete
E1_ptr_chase_r5,complete
E1_ptr_chase_r6,complete
E1_ptr_chase_r7,complete
E1_ptr_chase_r8,complete
E1_ptr_chase_r9,complete
E1_stream_mem_r1,complete
E1_stream_mem_r10,complete
E1_stream_mem_r2,complete
E1_stream_mem_r3,complete
E1_stream_mem_r4,complete
E1_stream_mem_r5,complete
E1_stream_mem_r6,complete
E1_stream_mem_r7,complete
E1_stream_mem_r8,complete
E1_stream_mem_r9,complete
E2_neg_r1,complete
E2_neg_r2,complete
E2_neg_r3,complete
E2_neg_r4,complete
E2_neg_r5,complete
E2_pos_r1,complete
E2_pos_r2,complete
E2_pos_r3,complete
E2_pos_r4,complete
E2_pos_r5,complete
E3_10_attack,complete
E3_10_baseline,complete
E3_11_attack,complete
E3_11_baseline,complete
E3_12_attack,complete
E3_12_baseline,complete
E3_13_attack,complete
E3_13_baseline,complete
E3_14_attack,complete
E3_14_baseline,complete
E3_15_attack,complete
E3_15_baseline,complete
E3_16_attack,complete
E3_16_baseline,complete
E3_17_attack,complete
E3_17_baseline,complete
E3_18_attack,complete
E3_18_baseline,complete
E3_19_attack,complete
E3_19_baseline,complete
E3_1_attack,complete
E3_1_baseline,complete
E3_20_attack,complete
E3_20_baseline,complete
E3_2_attack,complete
E3_2_baseline,complete
E3_3_attack,complete
E3_3_baseline,complete
E3_4_attack,complete
E3_4_baseline,complete
E3_5_attack,complete
E3_5_baseline,complete
E3_6_attack,complete
E3_6_baseline,complete
E3_7_attack,complete
E3_7_baseline,complete
E3_8_attack,complete
E3_8_baseline,complete
E3_9_attack,complete
E3_9_baseline,complete
E6_evidence_feedback_e1,complete
E6_evidence_feedback_e2,complete
E6_evidence_feedback_e3,complete
E6_evidence_feedback_e4,complete
E6_evidence_feedback_e5,complete
E6_random_e1,complete
E6_random_e2,complete
E6_random_e3,complete
E6_random_e4,complete
E6_random_e5,complete
E6_static_knowledge_e1,complete
E6_static_knowledge_e2,complete
E6_static_knowledge_e3,complete
E6_static_knowledge_e4,complete
E6_static_knowledge_e5,complete
H_IMX8MM_001.yaml_P3_count2_r1,complete
H_IMX8MM_001.yaml_P3_count2_r2,complete
H_IMX8MM_001.yaml_P3_count2_r3,complete
H_IMX8MM_001.yaml_P3_cpu0_r1,complete
H_IMX8MM_001.yaml_P3_cpu0_r2,complete
H_IMX8MM_001.yaml_P3_cpu0_r3,complete
H_IMX8MM_001.yaml_P3_cpu3_r1,complete
H_IMX8MM_001.yaml_P3_cpu3_r2,complete
H_IMX8MM_001.yaml_P3_cpu3_r3,complete
H_IMX8MM_001.yaml_P3_d100_r1,complete
H_IMX8MM_001.yaml_P3_d100_r2,complete
H_IMX8MM_001.yaml_P3_d100_r3,complete
H_IMX8MM_001.yaml_P3_d25_r1,complete
H_IMX8MM_001.yaml_P3_d25_r2,complete
H_IMX8MM_001.yaml_P3_d25_r3,complete
H_IMX8MM_001.yaml_P3_d50_r1,complete
H_IMX8MM_001.yaml_P3_d50_r2,complete
H_IMX8MM_001.yaml_P3_d50_r3,complete
H_IMX8MM_001.yaml_P4_placebo_r1,complete
H_IMX8MM_001.yaml_P4_placebo_r2,complete
H_IMX8MM_001.yaml_P4_placebo_r3,complete
H_IMX8MM_001.yaml_P5_atk_r1,complete
H_IMX8MM_001.yaml_P5_atk_r2,complete
H_IMX8MM_001.yaml_P5_bl_r1,complete
H_IMX8MM_001.yaml_P5_bl_r2,complete
H_IMX8MM_001_P1_attack_r1,complete
H_IMX8MM_001_P1_attack_r2,complete
H_IMX8MM_001_P1_attack_r3,complete
H_IMX8MM_001_P1_attack_r4,complete
H_IMX8MM_001_P1_attack_r5,complete
H_IMX8MM_001_P1_baseline_r1,complete
H_IMX8MM_001_P1_baseline_r2,complete
H_IMX8MM_001_P1_baseline_r3,complete
H_IMX8MM_001_P1_baseline_r4,complete
H_IMX8MM_001_P1_baseline_r5,complete
H_IMX8MM_001_P2_off_r1,complete
H_IMX8MM_001_P2_off_r2,complete
H_IMX8MM_001_P2_off_r3,complete
H_IMX8MM_002.yaml_P3_count2_r1,complete
H_IMX8MM_002.yaml_P3_count2_r2,complete
H_IMX8MM_002.yaml_P3_count2_r3,complete
H_IMX8MM_002.yaml_P3_cpu0_r1,complete
H_IMX8MM_002.yaml_P3_cpu0_r2,complete
H_IMX8MM_002.yaml_P3_cpu0_r3,complete
H_IMX8MM_002.yaml_P3_cpu3_r1,complete
H_IMX8MM_002.yaml_P3_cpu3_r2,complete
H_IMX8MM_002.yaml_P3_cpu3_r3,complete
H_IMX8MM_002.yaml_P3_d100_r1,complete
H_IMX8MM_002.yaml_P3_d100_r2,complete
H_IMX8MM_002.yaml_P3_d100_r3,complete
H_IMX8MM_002.yaml_P3_d25_r1,complete
H_IMX8MM_002.yaml_P3_d25_r2,complete
H_IMX8MM_002.yaml_P3_d25_r3,complete
H_IMX8MM_002.yaml_P3_d50_r1,complete
H_IMX8MM_002.yaml_P3_d50_r2,complete
H_IMX8MM_002.yaml_P3_d50_r3,complete
H_IMX8MM_002.yaml_P4_placebo_r1,complete
H_IMX8MM_002.yaml_P4_placebo_r2,complete
H_IMX8MM_002.yaml_P4_placebo_r3,complete
H_IMX8MM_002.yaml_P5_atk_r1,complete
H_IMX8MM_002.yaml_P5_atk_r2,complete
H_IMX8MM_002.yaml_P5_bl_r1,complete
H_IMX8MM_002.yaml_P5_bl_r2,complete
H_IMX8MM_002_P1_attack_r1,complete
H_IMX8MM_002_P1_attack_r2,complete
H_IMX8MM_002_P1_attack_r3,complete
H_IMX8MM_002_P1_attack_r4,complete
H_IMX8MM_002_P1_attack_r5,complete
H_IMX8MM_002_P1_baseline_r1,complete
H_IMX8MM_002_P1_baseline_r2,complete
H_IMX8MM_002_P1_baseline_r3,complete
H_IMX8MM_002_P1_baseline_r4,complete
H_IMX8MM_002_P1_baseline_r5,complete
H_IMX8MM_002_P2_off_r1,complete
H_IMX8MM_002_P2_off_r2,complete
H_IMX8MM_002_P2_off_r3,complete
H_IMX8MM_003_P1_attack_r1,complete
H_IMX8MM_003_P1_attack_r2,complete
H_IMX8MM_003_P1_attack_r3,complete
H_IMX8MM_003_P1_attack_r4,complete
H_IMX8MM_003_P1_attack_r5,complete
H_IMX8MM_003_P1_baseline_r1,complete
H_IMX8MM_003_P1_baseline_r2,complete
H_IMX8MM_003_P1_baseline_r3,complete
H_IMX8MM_003_P1_baseline_r4,complete
H_IMX8MM_003_P1_baseline_r5,complete
H_IMX8MM_003_P2_off_r1,complete
H_IMX8MM_003_P2_off_r2,complete
H_IMX8MM_003_P2_off_r3,complete
H_IMX8MM_004_P1_attack_r1,complete
H_IMX8MM_004_P1_attack_r2,complete
H_IMX8MM_004_P1_attack_r3,complete
H_IMX8MM_004_P1_attack_r4,complete
H_IMX8MM_004_P1_attack_r5,complete
H_IMX8MM_004_P1_baseline_r1,complete
H_IMX8MM_004_P1_baseline_r2,complete
H_IMX8MM_004_P1_baseline_r3,complete
H_IMX8MM_004_P1_baseline_r4,complete
H_IMX8MM_004_P1_baseline_r5,complete
H_IMX8MM_004_P2_off_r1,complete
H_IMX8MM_004_P2_off_r2,complete
H_IMX8MM_004_P2_off_r3,complete
