run_id,job_id,planned_release_ns,actual_start_ns,finish_ns,execution_time_ns,response_time_ns,release_jitter_ns,deadline_ns,deadline_miss,overrun,skipped_release
1,0,67048180000000,67048180058000,67048185736250,5678250,5736250,58000,67048190000000,0,0,0
1,1,67048190000000,67048190067125,67048195850875,5783750,5850875,67125,67048200000000,0,0,0
1,2,67048200000000,67048200033250,67048206038875,6005625,6038875,33250,67048210000000,0,0,0
1,3,67048210000000,67048210080500,67048215742625,5662125,5742625,80500,67048220000000,0,0,0
1,4,67048220000000,67048220091875,67048226034250,5942375,6034250,91875,67048230000000,0,0,0
1,5,67048230000000,67048230104000,67048235768875,5664875,5768875,104000,67048240000000,0,0,0
1,6,67048240000000,67048240128625,67048245823125,5694500,5823125,128625,67048250000000,0,0,0
1,7,67048250000000,67048250108125,67048256275625,6167500,6275625,108125,67048260000000,0,0,0
1,8,67048260000000,67048260091125,67048266106250,6015125,6106250,91125,67048270000000,0,0,0
1,9,67048270000000,67048270110875,67048275664000,5553125,5664000,110875,67048280000000,0,0,0
1,10,67048280000000,67048280108125,67048285918500,5810375,5918500,108125,67048290000000,0,0,0
1,11,67048290000000,67048290106250,67048295673250,5567000,5673250,106250,67048300000000,0,0,0
1,12,67048300000000,67048300111875,67048306161625,6049750,6161625,111875,67048310000000,0,0,0
1,13,67048310000000,67048310102250,67048315778500,5676250,5778500,102250,67048320000000,0,0,0
1,14,67048320000000,67048320112375,67048325867750,5755375,5867750,112375,67048330000000,0,0,0
1,15,67048330000000,67048330122125,67048335720500,5598375,5720500,122125,67048340000000,0,0,0
1,16,67048340000000,67048340110500,67048345887750,5777250,5887750,110500,67048350000000,0,0,0
1,17,67048350000000,67048350084125,67048355987625,5903500,5987625,84125,67048360000000,0,0,0
1,18,67048360000000,67048360093625,67048365920875,5827250,5920875,93625,67048370000000,0,0,0
1,19,67048370000000,67048370105875,67048376235500,6129625,6235500,105875,67048380000000,0,0,0
1,20,67048380000000,67048380115125,67048386145375,6030250,6145375,115125,67048390000000,0,0,0
1,21,67048390000000,67048390113250,67048395900125,5786875,5900125,113250,67048400000000,0,0,0
1,22,67048400000000,67048400090750,67048405867500,5776750,5867500,90750,67048410000000,0,0,0
1,23,67048410000000,67048410106750,67048415674875,5568125,5674875,106750,67048420000000,0,0,0
1,24,67048420000000,67048420127750,67048425886125,5758375,5886125,127750,67048430000000,0,0,0
1,25,67048430000000,67048430110500,67048435681750,5571250,5681750,110500,67048440000000,0,0,0
1,26,67048440000000,67048440105625,67048445924625,5819000,5924625,105625,67048450000000,0,0,0
1,27,67048450000000,67048450105125,67048455781250,5676125,5781250,105125,67048460000000,0,0,0
1,28,67048460000000,67048460109375,67048465881125,5771750,5881125,109375,67048470000000,0,0,0
1,29,67048470000000,67048470111875,67048475601625,5489750,5601625,111875,67048480000000,0,0,0
1,30,67048480000000,67048480072000,67048485837500,5765500,5837500,72000,67048490000000,0,0,0
1,31,67048490000000,67048490109500,67048496173250,6063750,6173250,109500,67048500000000,0,0,0
1,32,67048500000000,67048500069500,67048505925375,5855875,5925375,69500,67048510000000,0,0,0
1,33,67048510000000,67048510101250,67048515970375,5869125,5970375,101250,67048520000000,0,0,0
1,34,67048520000000,67048520093250,67048525900500,5807250,5900500,93250,67048530000000,0,0,0
1,35,67048530000000,67048530124000,67048535566875,5442875,5566875,124000,67048540000000,0,0,0
1,36,67048540000000,67048540090500,67048545927500,5837000,5927500,90500,67048550000000,0,0,0
1,37,67048550000000,67048550123375,67048555765250,5641875,5765250,123375,67048560000000,0,0,0
1,38,67048560000000,67048560110625,67048565968625,5858000,5968625,110625,67048570000000,0,0,0
1,39,67048570000000,67048570127000,67048575792125,5665125,5792125,127000,67048580000000,0,0,0
1,40,67048580000000,67048580111625,67048585944125,5832500,5944125,111625,67048590000000,0,0,0
1,41,67048590000000,67048590104875,67048595596625,5491750,5596625,104875,67048600000000,0,0,0
1,42,67048600000000,67048600115125,67048605944625,5829500,5944625,115125,67048610000000,0,0,0
1,43,67048610000000,67048610115125,67048615791375,5676250,5791375,115125,67048620000000,0,0,0
1,44,67048620000000,67048620116625,67048625951000,5834375,5951000,116625,67048630000000,0,0,0
1,45,67048630000000,67048630104125,67048635785250,5681125,5785250,104125,67048640000000,0,0,0
1,46,67048640000000,67048640104000,67048646103875,5999875,6103875,104000,67048650000000,0,0,0
1,47,67048650000000,67048650108000,67048656116875,6008875,6116875,108000,67048660000000,0,0,0
1,48,67048660000000,67048660093125,67048665957750,5864625,5957750,93125,67048670000000,0,0,0
1,49,67048670000000,67048670105250,67048675692875,5587625,5692875,105250,67048680000000,0,0,0
1,50,67048680000000,67048680122125,67048685817000,5694875,5817000,122125,67048690000000,0,0,0
1,51,67048690000000,67048690112000,67048695605250,5493250,5605250,112000,67048700000000,0,0,0
1,52,67048700000000,67048700091500,67048705900750,5809250,5900750,91500,67048710000000,0,0,0
1,53,67048710000000,67048710111750,67048715625875,5514125,5625875,111750,67048720000000,0,0,0
1,54,67048720000000,67048720113000,67048725881125,5768125,5881125,113000,67048730000000,0,0,0
1,55,67048730000000,67048730109875,67048735904750,5794875,5904750,109875,67048740000000,0,0,0
1,56,67048740000000,67048740107375,67048745922125,5814750,5922125,107375,67048750000000,0,0,0
1,57,67048750000000,67048750105375,67048755550000,5444625,5550000,105375,67048760000000,0,0,0
1,58,67048760000000,67048760113625,67048765813500,5699875,5813500,113625,67048770000000,0,0,0
1,59,67048770000000,67048770122250,67048775808500,5686250,5808500,122250,67048780000000,0,0,0
1,60,67048780000000,67048780108250,67048785865875,5757625,5865875,108250,67048790000000,0,0,0
1,61,67048790000000,67048790105750,67048795798125,5692375,5798125,105750,67048800000000,0,0,0
1,62,67048800000000,67048800113125,67048806060625,5947500,6060625,113125,67048810000000,0,0,0
1,63,67048810000000,67048810104750,67048815805875,5701125,5805875,104750,67048820000000,0,0,0
1,64,67048820000000,67048820111250,67048825952625,5841375,5952625,111250,67048830000000,0,0,0
1,65,67048830000000,67048830070375,67048835573000,5502625,5573000,70375,67048840000000,0,0,0
1,66,67048840000000,67048840110875,67048845935625,5824750,5935625,110875,67048850000000,0,0,0
1,67,67048850000000,67048850110375,67048855554375,5444000,5554375,110375,67048860000000,0,0,0
1,68,67048860000000,67048860125875,67048865983750,5857875,5983750,125875,67048870000000,0,0,0
1,69,67048870000000,67048870109375,67048875775625,5666250,5775625,109375,67048880000000,0,0,0
1,70,67048880000000,67048880128875,67048885917750,5788875,5917750,128875,67048890000000,0,0,0
1,71,67048890000000,67048890107625,67048896127750,6020125,6127750,107625,67048900000000,0,0,0
1,72,67048900000000,67048900092250,67048906047250,5955000,6047250,92250,67048910000000,0,0,0
1,73,67048910000000,67048910103375,67048915824500,5721125,5824500,103375,67048920000000,0,0,0
1,74,67048920000000,67048920111125,67048925931875,5820750,5931875,111125,67048930000000,0,0,0
1,75,67048930000000,67048930110000,67048935728000,5618000,5728000,110000,67048940000000,0,0,0
1,76,67048940000000,67048940110750,67048945889125,5778375,5889125,110750,67048950000000,0,0,0
1,77,67048950000000,67048950111500,67048955796875,5685375,5796875,111500,67048960000000,0,0,0
1,78,67048960000000,67048960110500,67048965933000,5822500,5933000,110500,67048970000000,0,0,0
1,79,67048970000000,67048970101500,67048975610750,5509250,5610750,101500,67048980000000,0,0,0
1,80,67048980000000,67048980113250,67048985983625,5870375,5983625,113250,67048990000000,0,0,0
1,81,67048990000000,67048990104000,67048995705625,5601625,5705625,104000,67049000000000,0,0,0
1,82,67049000000000,67049000105375,67049005949375,5844000,5949375,105375,67049010000000,0,0,0
1,83,67049010000000,67049010125875,67049016121000,5995125,6121000,125875,67049020000000,0,0,0
1,84,67049020000000,67049020094875,67049025849375,5754500,5849375,94875,67049030000000,0,0,0
1,85,67049030000000,67049030122625,67049035755750,5633125,5755750,122625,67049040000000,0,0,0
1,86,67049040000000,67049040086000,67049045908875,5822875,5908875,86000,67049050000000,0,0,0
1,87,67049050000000,67049050128375,67049055572750,5444375,5572750,128375,67049060000000,0,0,0
1,88,67049060000000,67049060109000,67049065935500,5826500,5935500,109000,67049070000000,0,0,0
1,89,67049070000000,67049070124625,67049075828250,5703625,5828250,124625,67049080000000,0,0,0
1,90,67049080000000,67049080107750,67049085935375,5827625,5935375,107750,67049090000000,0,0,0
1,91,67049090000000,67049090125750,67049095637000,5511250,5637000,125750,67049100000000,0,0,0
1,92,67049100000000,67049100108875,67049105797375,5688500,5797375,108875,67049110000000,0,0,0
1,93,67049110000000,67049110071375,67049115806125,5734750,5806125,71375,67049120000000,0,0,0
1,94,67049120000000,67049120111625,67049125860125,5748500,5860125,111625,67049130000000,0,0,0
1,95,67049130000000,67049130105625,67049135857125,5751500,5857125,105625,67049140000000,0,0,0
1,96,67049140000000,67049140115000,67049145873000,5758000,5873000,115000,67049150000000,0,0,0
1,97,67049150000000,67049150106250,67049155757250,5651000,5757250,106250,67049160000000,0,0,0
1,98,67049160000000,67049160112875,67049165907625,5794750,5907625,112875,67049170000000,0,0,0
1,99,67049170000000,67049170105375,67049175573375,5468000,5573375,105375,67049180000000,0,0,0
1,100,67049180000000,67049180171500,67049186000000,5828500,6000000,171500,67049190000000,0,0,0
1,101,67049190000000,67049190112000,67049195691875,5579875,5691875,112000,67049200000000,0,0,0
1,102,67049200000000,67049200107125,67049205979500,5872375,5979500,107125,67049210000000,0,0,0
1,103,67049210000000,67049210102375,67049215695750,5593375,5695750,102375,67049220000000,0,0,0
1,104,67049220000000,67049220102875,67049225913375,5810500,5913375,102875,67049230000000,0,0,0
1,105,67049230000000,67049230107000,67049235687625,5580625,5687625,107000,67049240000000,0,0,0
1,106,67049240000000,67049240124000,67049245964125,5840125,5964125,124000,67049250000000,0,0,0
1,107,67049250000000,67049250110000,67049255801500,5691500,5801500,110000,67049260000000,0,0,0
1,108,67049260000000,67049260127625,67049266215750,6088125,6215750,127625,67049270000000,0,0,0
1,109,67049270000000,67049270108750,67049275727000,5618250,5727000,108750,67049280000000,0,0,0
1,110,67049280000000,67049280127250,67049285958500,5831250,5958500,127250,67049290000000,0,0,0
1,111,67049290000000,67049290111250,67049295852625,5741375,5852625,111250,67049300000000,0,0,0
1,112,67049300000000,67049300110625,67049305914125,5803500,5914125,110625,67049310000000,0,0,0
1,113,67049310000000,67049310111875,67049315620625,5508750,5620625,111875,67049320000000,0,0,0
1,114,67049320000000,67049320112750,67049325896500,5783750,5896500,112750,67049330000000,0,0,0
1,115,67049330000000,67049330104000,67049335617375,5513375,5617375,104000,67049340000000,0,0,0
1,116,67049340000000,67049340110500,67049345907625,5797125,5907625,110500,67049350000000,0,0,0
1,117,67049350000000,67049350106375,67049355687000,5580625,5687000,106375,67049360000000,0,0,0
1,118,67049360000000,67049360107750,67049365869000,5761250,5869000,107750,67049370000000,0,0,0
1,119,67049370000000,67049370121625,67049375808500,5686875,5808500,121625,67049380000000,0,0,0
1,120,67049380000000,67049380103750,67049385914375,5810625,5914375,103750,67049390000000,0,0,0
1,121,67049390000000,67049390125375,67049395763375,5638000,5763375,125375,67049400000000,0,0,0
1,122,67049400000000,67049400110375,67049405958500,5848125,5958500,110375,67049410000000,0,0,0
1,123,67049410000000,67049410102125,67049415602625,5500500,5602625,102125,67049420000000,0,0,0
1,124,67049420000000,67049420110375,67049425804625,5694250,5804625,110375,67049430000000,0,0,0
1,125,67049430000000,67049430105750,67049435889000,5783250,5889000,105750,67049440000000,0,0,0
1,126,67049440000000,67049440103375,67049446001000,5897625,6001000,103375,67049450000000,0,0,0
1,127,67049450000000,67049450106875,67049455703000,5596125,5703000,106875,67049460000000,0,0,0
1,128,67049460000000,67049460126375,67049465870875,5744500,5870875,126375,67049470000000,0,0,0
1,129,67049470000000,67049470103125,67049475827375,5724250,5827375,103125,67049480000000,0,0,0
1,130,67049480000000,67049480086625,67049485955875,5869250,5955875,86625,67049490000000,0,0,0
1,131,67049490000000,67049490104125,67049495633625,5529500,5633625,104125,67049500000000,0,0,0
1,132,67049500000000,67049500094500,67049505949750,5855250,5949750,94500,67049510000000,0,0,0
1,133,67049510000000,67049510106625,67049515667000,5560375,5667000,106625,67049520000000,0,0,0
1,134,67049520000000,67049520074625,67049525808125,5733500,5808125,74625,67049530000000,0,0,0
1,135,67049530000000,67049530122000,67049535800875,5678875,5800875,122000,67049540000000,0,0,0
1,136,67049540000000,67049540108125,67049545806875,5698750,5806875,108125,67049550000000,0,0,0
1,137,67049550000000,67049550101125,67049555800125,5699000,5800125,101125,67049560000000,0,0,0
1,138,67049560000000,67049560111750,67049565977375,5865625,5977375,111750,67049570000000,0,0,0
1,139,67049570000000,67049570104250,67049575615250,5511000,5615250,104250,67049580000000,0,0,0
1,140,67049580000000,67049580112250,67049585942125,5829875,5942125,112250,67049590000000,0,0,0
1,141,67049590000000,67049590104750,67049595754000,5649250,5754000,104750,67049600000000,0,0,0
1,142,67049600000000,67049600107750,67049605931500,5823750,5931500,107750,67049610000000,0,0,0
1,143,67049610000000,67049610105375,67049616125625,6020250,6125625,105375,67049620000000,0,0,0
1,144,67049620000000,67049620092000,67049626043000,5951000,6043000,92000,67049630000000,0,0,0
1,145,67049630000000,67049630101125,67049635622125,5521000,5622125,101125,67049640000000,0,0,0
1,146,67049640000000,67049640105250,67049645899250,5794000,5899250,105250,67049650000000,0,0,0
1,147,67049650000000,67049650109875,67049655787250,5677375,5787250,109875,67049660000000,0,0,0
1,148,67049660000000,67049660110250,67049666007750,5897500,6007750,110250,67049670000000,0,0,0
1,149,67049670000000,67049670111250,67049675798750,5687500,5798750,111250,67049680000000,0,0,0
1,150,67049680000000,67049680106375,67049685835375,5729000,5835375,106375,67049690000000,0,0,0
1,151,67049690000000,67049690105375,67049695723125,5617750,5723125,105375,67049700000000,0,0,0
1,152,67049700000000,67049700131000,67049706120625,5989625,6120625,131000,67049710000000,0,0,0
1,153,67049710000000,67049710107125,67049715652000,5544875,5652000,107125,67049720000000,0,0,0
1,154,67049720000000,67049720090750,67049725828500,5737750,5828500,90750,67049730000000,0,0,0
1,155,67049730000000,67049730110875,67049735801625,5690750,5801625,110875,67049740000000,0,0,0
1,156,67049740000000,67049740109875,67049745952875,5843000,5952875,109875,67049750000000,0,0,0
1,157,67049750000000,67049750106875,67049755581250,5474375,5581250,106875,67049760000000,0,0,0
1,158,67049760000000,67049760110000,67049765822375,5712375,5822375,110000,67049770000000,0,0,0
1,159,67049770000000,67049770104500,67049775560000,5455500,5560000,104500,67049780000000,0,0,0
1,160,67049780000000,67049780107875,67049785921375,5813500,5921375,107875,67049790000000,0,0,0
1,161,67049790000000,67049790105875,67049795793875,5688000,5793875,105875,67049800000000,0,0,0
1,162,67049800000000,67049800112375,67049806283375,6171000,6283375,112375,67049810000000,0,0,0
1,163,67049810000000,67049810104375,67049816112125,6007750,6112125,104375,67049820000000,0,0,0
1,164,67049820000000,67049820088125,67049825924250,5836125,5924250,88125,67049830000000,0,0,0
1,165,67049830000000,67049830123375,67049835647625,5524250,5647625,123375,67049840000000,0,0,0
1,166,67049840000000,67049840107875,67049845973250,5865375,5973250,107875,67049850000000,0,0,0
1,167,67049850000000,67049850122125,67049855797750,5675625,5797750,122125,67049860000000,0,0,0
1,168,67049860000000,67049860104750,67049865956750,5852000,5956750,104750,67049870000000,0,0,0
1,169,67049870000000,67049870123375,67049876144750,6021375,6144750,123375,67049880000000,0,0,0
1,170,67049880000000,67049880095625,67049886147125,6051500,6147125,95625,67049890000000,0,0,0
1,171,67049890000000,67049890104625,67049895881750,5777125,5881750,104625,67049900000000,0,0,0
1,172,67049900000000,67049900115375,67049906000750,5885375,6000750,115375,67049910000000,0,0,0
1,173,67049910000000,67049910109500,67049915799250,5689750,5799250,109500,67049920000000,0,0,0
1,174,67049920000000,67049920106500,67049925922375,5815875,5922375,106500,67049930000000,0,0,0
1,175,67049930000000,67049930101250,67049935827000,5725750,5827000,101250,67049940000000,0,0,0
1,176,67049940000000,67049940106000,67049946080375,5974375,6080375,106000,67049950000000,0,0,0
1,177,67049950000000,67049950103000,67049955782000,5679000,5782000,103000,67049960000000,0,0,0
1,178,67049960000000,67049960124250,67049965901375,5777125,5901375,124250,67049970000000,0,0,0
1,179,67049970000000,67049970111125,67049975666000,5554875,5666000,111125,67049980000000,0,0,0
1,180,67049980000000,67049980106875,67049985845250,5738375,5845250,106875,67049990000000,0,0,0
1,181,67049990000000,67049990111250,67049995793000,5681750,5793000,111250,67050000000000,0,0,0
1,182,67050000000000,67050000108750,67050005913625,5804875,5913625,108750,67050010000000,0,0,0
1,183,67050010000000,67050010106375,67050016074125,5967750,6074125,106375,67050020000000,0,0,0
1,184,67050020000000,67050020092875,67050025959625,5866750,5959625,92875,67050030000000,0,0,0
1,185,67050030000000,67050030107625,67050035849250,5741625,5849250,107625,67050040000000,0,0,0
1,186,67050040000000,67050040106750,67050046046250,5939500,6046250,106750,67050050000000,0,0,0
1,187,67050050000000,67050050101375,67050055683250,5581875,5683250,101375,67050060000000,0,0,0
1,188,67050060000000,67050060111750,67050065825625,5713875,5825625,111750,67050070000000,0,0,0
1,189,67050070000000,67050070122500,67050075729500,5607000,5729500,122500,67050080000000,0,0,0
1,190,67050080000000,67050080106625,67050085976875,5870250,5976875,106625,67050090000000,0,0,0
1,191,67050090000000,67050090127000,67050095796625,5669625,5796625,127000,67050100000000,0,0,0
1,192,67050100000000,67050100109375,67050105971500,5862125,5971500,109375,67050110000000,0,0,0
1,193,67050110000000,67050110103125,67050115787500,5684375,5787500,103125,67050120000000,0,0,0
1,194,67050120000000,67050120115750,67050126034625,5918875,6034625,115750,67050130000000,0,0,0
1,195,67050130000000,67050130070250,67050135829625,5759375,5829625,70250,67050140000000,0,0,0
1,196,67050140000000,67050140106750,67050145963500,5856750,5963500,106750,67050150000000,0,0,0
1,197,67050150000000,67050150102500,67050155614750,5512250,5614750,102500,67050160000000,0,0,0
1,198,67050160000000,67050160125750,67050165982125,5856375,5982125,125750,67050170000000,0,0,0
1,199,67050170000000,67050170106250,67050175656875,5550625,5656875,106250,67050180000000,0,0,0
1,200,67050180000000,67050180125625,67050185945375,5819750,5945375,125625,67050190000000,0,0,0
1,201,67050190000000,67050190106625,67050195814500,5707875,5814500,106625,67050200000000,0,0,0
1,202,67050200000000,67050200126625,67050205932000,5805375,5932000,126625,67050210000000,0,0,0
1,203,67050210000000,67050210105125,67050215788250,5683125,5788250,105125,67050220000000,0,0,0
1,204,67050220000000,67050220128750,67050225929375,5800625,5929375,128750,67050230000000,0,0,0
1,205,67050230000000,67050230107375,67050235811250,5703875,5811250,107375,67050240000000,0,0,0
1,206,67050240000000,67050240104875,67050245816500,5711625,5816500,104875,67050250000000,0,0,0
1,207,67050250000000,67050250108375,67050255889625,5781250,5889625,108375,67050260000000,0,0,0
1,208,67050260000000,67050260105000,67050265929125,5824125,5929125,105000,67050270000000,0,0,0
1,209,67050270000000,67050270104875,67050275639250,5534375,5639250,104875,67050280000000,0,0,0
1,210,67050280000000,67050280109750,67050285841125,5731375,5841125,109750,67050290000000,0,0,0
1,211,67050290000000,67050290123750,67050295631500,5507750,5631500,123750,67050300000000,0,0,0
1,212,67050300000000,67050300103875,67050305919750,5815875,5919750,103875,67050310000000,0,0,0
1,213,67050310000000,67050310124875,67050315754000,5629125,5754000,124875,67050320000000,0,0,0
1,214,67050320000000,67050320110250,67050325907375,5797125,5907375,110250,67050330000000,0,0,0
1,215,67050330000000,67050330103625,67050335639125,5535500,5639125,103625,67050340000000,0,0,0
1,216,67050340000000,67050340114250,67050345935375,5821125,5935375,114250,67050350000000,0,0,0
1,217,67050350000000,67050350105250,67050355585250,5480000,5585250,105250,67050360000000,0,0,0
1,218,67050360000000,67050360110500,67050365948625,5838125,5948625,110500,67050370000000,0,0,0
1,219,67050370000000,67050370108000,67050375809375,5701375,5809375,108000,67050380000000,0,0,0
1,220,67050380000000,67050380113250,67050385780125,5666875,5780125,113250,67050390000000,0,0,0
1,221,67050390000000,67050390109250,67050395931250,5822000,5931250,109250,67050400000000,0,0,0
1,222,67050400000000,67050400077250,67050405907500,5830250,5907500,77250,67050410000000,0,0,0
1,223,67050410000000,67050410070625,67050415605000,5534375,5605000,70625,67050420000000,0,0,0
1,224,67050420000000,67050420108125,67050425895250,5787125,5895250,108125,67050430000000,0,0,0
1,225,67050430000000,67050430101500,67050435830625,5729125,5830625,101500,67050440000000,0,0,0
1,226,67050440000000,67050440104375,67050445821250,5716875,5821250,104375,67050450000000,0,0,0
1,227,67050450000000,67050450106000,67050455683875,5577875,5683875,106000,67050460000000,0,0,0
1,228,67050460000000,67050460126500,67050465961000,5834500,5961000,126500,67050470000000,0,0,0
1,229,67050470000000,67050470110625,67050475799250,5688625,5799250,110625,67050480000000,0,0,0
1,230,67050480000000,67050480106750,67050485936125,5829375,5936125,106750,67050490000000,0,0,0
1,231,67050490000000,67050490107125,67050495808250,5701125,5808250,107125,67050500000000,0,0,0
1,232,67050500000000,67050500107875,67050505856000,5748125,5856000,107875,67050510000000,0,0,0
1,233,67050510000000,67050510107625,67050516227875,6120250,6227875,107625,67050520000000,0,0,0
1,234,67050520000000,67050520093500,67050526084625,5991125,6084625,93500,67050530000000,0,0,0
1,235,67050530000000,67050530090750,67050535617625,5526875,5617625,90750,67050540000000,0,0,0
1,236,67050540000000,67050540075500,67050545852875,5777375,5852875,75500,67050550000000,0,0,0
1,237,67050550000000,67050550123250,67050555776375,5653125,5776375,123250,67050560000000,0,0,0
1,238,67050560000000,67050560112625,67050566175875,6063250,6175875,112625,67050570000000,0,0,0
1,239,67050570000000,67050570100500,67050575732000,5631500,5732000,100500,67050580000000,0,0,0
1,240,67050580000000,67050580116375,67050586154875,6038500,6154875,116375,67050590000000,0,0,0
1,241,67050590000000,67050590069250,67050595718000,5648750,5718000,69250,67050600000000,0,0,0
1,242,67050600000000,67050600112000,67050606106375,5994375,6106375,112000,67050610000000,0,0,0
1,243,67050610000000,67050610107500,67050615863500,5756000,5863500,107500,67050620000000,0,0,0
1,244,67050620000000,67050620072375,67050625910125,5837750,5910125,72375,67050630000000,0,0,0
1,245,67050630000000,67050630108000,67050635787625,5679625,5787625,108000,67050640000000,0,0,0
1,246,67050640000000,67050640105375,67050645959000,5853625,5959000,105375,67050650000000,0,0,0
1,247,67050650000000,67050650104125,67050655651125,5547000,5651125,104125,67050660000000,0,0,0
1,248,67050660000000,67050660125625,67050665878375,5752750,5878375,125625,67050670000000,0,0,0
1,249,67050670000000,67050670108625,67050675671500,5562875,5671500,108625,67050680000000,0,0,0
1,250,67050680000000,67050680128750,67050685935875,5807125,5935875,128750,67050690000000,0,0,0
1,251,67050690000000,67050690106375,67050695822250,5715875,5822250,106375,67050700000000,0,0,0
1,252,67050700000000,67050700127625,67050706191000,6063375,6191000,127625,67050710000000,0,0,0
1,253,67050710000000,67050710109000,67050715660625,5551625,5660625,109000,67050720000000,0,0,0
1,254,67050720000000,67050720127500,67050726194000,6066500,6194000,127500,67050730000000,0,0,0
1,255,67050730000000,67050730107625,67050735726625,5619000,5726625,107625,67050740000000,0,0,0
1,256,67050740000000,67050740093250,67050746014125,5920875,6014125,93250,67050750000000,0,0,0
1,257,67050750000000,67050750107250,67050755732375,5625125,5732375,107250,67050760000000,0,0,0
1,258,67050760000000,67050760109625,67050765991750,5882125,5991750,109625,67050770000000,0,0,0
1,259,67050770000000,67050770113750,67050775542125,5428375,5542125,113750,67050780000000,0,0,0
1,260,67050780000000,67050780113000,67050785952375,5839375,5952375,113000,67050790000000,0,0,0
1,261,67050790000000,67050790109000,67050796170250,6061250,6170250,109000,67050800000000,0,0,0
1,262,67050800000000,67050800093750,67050805769000,5675250,5769000,93750,67050810000000,0,0,0
1,263,67050810000000,67050810102000,67050815842250,5740250,5842250,102000,67050820000000,0,0,0
1,264,67050820000000,67050820115000,67050825994250,5879250,5994250,115000,67050830000000,0,0,0
1,265,67050830000000,67050830107375,67050835772375,5665000,5772375,107375,67050840000000,0,0,0
1,266,67050840000000,67050840107750,67050845940875,5833125,5940875,107750,67050850000000,0,0,0
1,267,67050850000000,67050850123875,67050855757250,5633375,5757250,123875,67050860000000,0,0,0
1,268,67050860000000,67050860108875,67050865929250,5820375,5929250,108875,67050870000000,0,0,0
1,269,67050870000000,67050870126000,67050875866250,5740250,5866250,126000,67050880000000,0,0,0
1,270,67050880000000,67050880114750,67050886190000,6075250,6190000,114750,67050890000000,0,0,0
1,271,67050890000000,67050890104875,67050895818875,5714000,5818875,104875,67050900000000,0,0,0
1,272,67050900000000,67050900116125,67050906140375,6024250,6140375,116125,67050910000000,0,0,0
1,273,67050910000000,67050910103000,67050915922000,5819000,5922000,103000,67050920000000,0,0,0
1,274,67050920000000,67050920087375,67050926010875,5923500,6010875,87375,67050930000000,0,0,0
1,275,67050930000000,67050930106000,67050935694500,5588500,5694500,106000,67050940000000,0,0,0
1,276,67050940000000,67050940127375,67050945969375,5842000,5969375,127375,67050950000000,0,0,0
1,277,67050950000000,67050950104750,67050956157875,6053125,6157875,104750,67050960000000,0,0,0
1,278,67050960000000,67050960094000,67050966027375,5933375,6027375,94000,67050970000000,0,0,0
1,279,67050970000000,67050970110500,67050975770125,5659625,5770125,110500,67050980000000,0,0,0
1,280,67050980000000,67050980113125,67050985969250,5856125,5969250,113125,67050990000000,0,0,0
1,281,67050990000000,67050990111875,67050995826500,5714625,5826500,111875,67051000000000,0,0,0
1,282,67051000000000,67051000108625,67051005948250,5839625,5948250,108625,67051010000000,0,0,0
1,283,67051010000000,67051010111000,67051015648000,5537000,5648000,111000,67051020000000,0,0,0
1,284,67051020000000,67051020108000,67051025759750,5651750,5759750,108000,67051030000000,0,0,0
1,285,67051030000000,67051030099625,67051035745875,5646250,5745875,99625,67051040000000,0,0,0
1,286,67051040000000,67051040110125,67051045828125,5718000,5828125,110125,67051050000000,0,0,0
1,287,67051050000000,67051050104625,67051055638125,5533500,5638125,104625,67051060000000,0,0,0
1,288,67051060000000,67051060107500,67051065936375,5828875,5936375,107500,67051070000000,0,0,0
1,289,67051070000000,67051070100375,67051075863000,5762625,5863000,100375,67051080000000,0,0,0
1,290,67051080000000,67051080111625,67051085895000,5783375,5895000,111625,67051090000000,0,0,0
1,291,67051090000000,67051090123875,67051095628750,5504875,5628750,123875,67051100000000,0,0,0
1,292,67051100000000,67051100111250,67051105894375,5783125,5894375,111250,67051110000000,0,0,0
1,293,67051110000000,67051110105000,67051115683125,5578125,5683125,105000,67051120000000,0,0,0
1,294,67051120000000,67051120108375,67051125882250,5773875,5882250,108375,67051130000000,0,0,0
1,295,67051130000000,67051130102375,67051135772000,5669625,5772000,102375,67051140000000,0,0,0
1,296,67051140000000,67051140110000,67051146192625,6082625,6192625,110000,67051150000000,0,0,0
1,297,67051150000000,67051150070875,67051156079375,6008500,6079375,70875,67051160000000,0,0,0
1,298,67051160000000,67051160095875,67051165951625,5855750,5951625,95875,67051170000000,0,0,0
1,299,67051170000000,67051170106000,67051175732250,5626250,5732250,106000,67051180000000,0,0,0
1,300,67051180000000,67051180126750,67051185887375,5760625,5887375,126750,67051190000000,0,0,0
1,301,67051190000000,67051190109750,67051196111375,6001625,6111375,109750,67051200000000,0,0,0
1,302,67051200000000,67051200100000,67051205984875,5884875,5984875,100000,67051210000000,0,0,0
1,303,67051210000000,67051210109625,67051215626750,5517125,5626750,109625,67051220000000,0,0,0
1,304,67051220000000,67051220109250,67051225843375,5734125,5843375,109250,67051230000000,0,0,0
1,305,67051230000000,67051230100750,67051235743875,5643125,5743875,100750,67051240000000,0,0,0
1,306,67051240000000,67051240104750,67051245930750,5826000,5930750,104750,67051250000000,0,0,0
1,307,67051250000000,67051250106375,67051255770000,5663625,5770000,106375,67051260000000,0,0,0
1,308,67051260000000,67051260106125,67051265920000,5813875,5920000,106125,67051270000000,0,0,0
1,309,67051270000000,67051270123625,67051275663625,5540000,5663625,123625,67051280000000,0,0,0
1,310,67051280000000,67051280107000,67051285872125,5765125,5872125,107000,67051290000000,0,0,0
1,311,67051290000000,67051290097875,67051295561625,5463750,5561625,97875,67051300000000,0,0,0
1,312,67051300000000,67051300112625,67051305921875,5809250,5921875,112625,67051310000000,0,0,0
1,313,67051310000000,67051310108875,67051315625625,5516750,5625625,108875,67051320000000,0,0,0
1,314,67051320000000,67051320106625,67051325776875,5670250,5776875,106625,67051330000000,0,0,0
1,315,67051330000000,67051330108250,67051336234875,6126625,6234875,108250,67051340000000,0,0,0
1,316,67051340000000,67051340092875,67051346125125,6032250,6125125,92875,67051350000000,0,0,0
1,317,67051350000000,67051350103000,67051355965250,5862250,5965250,103000,67051360000000,0,0,0
1,318,67051360000000,67051360090250,67051366031000,5940750,6031000,90250,67051370000000,0,0,0
1,319,67051370000000,67051370107375,67051375839750,5732375,5839750,107375,67051380000000,0,0,0
1,320,67051380000000,67051380123875,67051385997125,5873250,5997125,123875,67051390000000,0,0,0
1,321,67051390000000,67051390109750,67051395580875,5471125,5580875,109750,67051400000000,0,0,0
1,322,67051400000000,67051400126875,67051405809875,5683000,5809875,126875,67051410000000,0,0,0
1,323,67051410000000,67051410108500,67051415629875,5521375,5629875,108500,67051420000000,0,0,0
1,324,67051420000000,67051420107500,67051425841375,5733875,5841375,107500,67051430000000,0,0,0
1,325,67051430000000,67051430104125,67051435622625,5518500,5622625,104125,67051440000000,0,0,0
1,326,67051440000000,67051440112125,67051445837625,5725500,5837625,112125,67051450000000,0,0,0
1,327,67051450000000,67051450104250,67051455605500,5501250,5605500,104250,67051460000000,0,0,0
1,328,67051460000000,67051460106250,67051465838000,5731750,5838000,106250,67051470000000,0,0,0
1,329,67051470000000,67051470098875,67051475761125,5662250,5761125,98875,67051480000000,0,0,0
1,330,67051480000000,67051480109000,67051486118375,6009375,6118375,109000,67051490000000,0,0,0
1,331,67051490000000,67051490103875,67051495814500,5710625,5814500,103875,67051500000000,0,0,0
1,332,67051500000000,67051500104000,67051506045875,5941875,6045875,104000,67051510000000,0,0,0
1,333,67051510000000,67051510121500,67051515792125,5670625,5792125,121500,67051520000000,0,0,0
1,334,67051520000000,67051520106125,67051525938375,5832250,5938375,106125,67051530000000,0,0,0
1,335,67051530000000,67051530125250,67051535709750,5584500,5709750,125250,67051540000000,0,0,0
1,336,67051540000000,67051540108125,67051545916000,5807875,5916000,108125,67051550000000,0,0,0
1,337,67051550000000,67051550069500,67051555787750,5718250,5787750,69500,67051560000000,0,0,0
1,338,67051560000000,67051560072625,67051565967750,5895125,5967750,72625,67051570000000,0,0,0
1,339,67051570000000,67051570106125,67051575960000,5853875,5960000,106125,67051580000000,0,0,0
1,340,67051580000000,67051580090250,67051585984375,5894125,5984375,90250,67051590000000,0,0,0
1,341,67051590000000,67051590103625,67051595916000,5812375,5916000,103625,67051600000000,0,0,0
1,342,67051600000000,67051600090875,67051605844000,5753125,5844000,90875,67051610000000,0,0,0
1,343,67051610000000,67051610106875,67051615604875,5498000,5604875,106875,67051620000000,0,0,0
1,344,67051620000000,67051620126875,67051625983875,5857000,5983875,126875,67051630000000,0,0,0
1,345,67051630000000,67051630113250,67051635861875,5748625,5861875,113250,67051640000000,0,0,0
1,346,67051640000000,67051640127125,67051645976750,5849625,5976750,127125,67051650000000,0,0,0
1,347,67051650000000,67051650109250,67051655662250,5553000,5662250,109250,67051660000000,0,0,0
1,348,67051660000000,67051660105750,67051665970125,5864375,5970125,105750,67051670000000,0,0,0
1,349,67051670000000,67051670105500,67051675626625,5521125,5626625,105500,67051680000000,0,0,0
1,350,67051680000000,67051680111500,67051685878000,5766500,5878000,111500,67051690000000,0,0,0
1,351,67051690000000,67051690110500,67051695587250,5476750,5587250,110500,67051700000000,0,0,0
1,352,67051700000000,67051700107000,67051705979000,5872000,5979000,107000,67051710000000,0,0,0
1,353,67051710000000,67051710100125,67051716301250,6201125,6301250,100125,67051720000000,0,0,0
1,354,67051720000000,67051720093500,67051725959000,5865500,5959000,93500,67051730000000,0,0,0
1,355,67051730000000,67051730124000,67051735606375,5482375,5606375,124000,67051740000000,0,0,0
1,356,67051740000000,67051740109750,67051745949250,5839500,5949250,109750,67051750000000,0,0,0
1,357,67051750000000,67051750107000,67051755658500,5551500,5658500,107000,67051760000000,0,0,0
1,358,67051760000000,67051760090500,67051765857875,5767375,5857875,90500,67051770000000,0,0,0
1,359,67051770000000,67051770105750,67051775587500,5481750,5587500,105750,67051780000000,0,0,0
1,360,67051780000000,67051780106875,67051785920375,5813500,5920375,106875,67051790000000,0,0,0
1,361,67051790000000,67051790103250,67051795815500,5712250,5815500,103250,67051800000000,0,0,0
1,362,67051800000000,67051800107250,67051805929125,5821875,5929125,107250,67051810000000,0,0,0
1,363,67051810000000,67051810106375,67051815531000,5424625,5531000,106375,67051820000000,0,0,0
1,364,67051820000000,67051820126875,67051825953750,5826875,5953750,126875,67051830000000,0,0,0
1,365,67051830000000,67051830107000,67051835735875,5628875,5735875,107000,67051840000000,0,0,0
1,366,67051840000000,67051840068375,67051845855500,5787125,5855500,68375,67051850000000,0,0,0
1,367,67051850000000,67051850108000,67051856269750,6161750,6269750,108000,67051860000000,0,0,0
1,368,67051860000000,67051860093875,67051865978750,5884875,5978750,93875,67051870000000,0,0,0
1,369,67051870000000,67051870102250,67051875757125,5654875,5757125,102250,67051880000000,0,0,0
1,370,67051880000000,67051880110000,67051885858500,5748500,5858500,110000,67051890000000,0,0,0
1,371,67051890000000,67051890119875,67051895651875,5532000,5651875,119875,67051900000000,0,0,0
1,372,67051900000000,67051900106625,67051905938500,5831875,5938500,106625,67051910000000,0,0,0
1,373,67051910000000,67051910125500,67051915629625,5504125,5629625,125500,67051920000000,0,0,0
1,374,67051920000000,67051920104875,67051925993625,5888750,5993625,104875,67051930000000,0,0,0
1,375,67051930000000,67051930119125,67051935557250,5438125,5557250,119125,67051940000000,0,0,0
1,376,67051940000000,67051940112000,67051945784750,5672750,5784750,112000,67051950000000,0,0,0
1,377,67051950000000,67051950103375,67051955860625,5757250,5860625,103375,67051960000000,0,0,0
1,378,67051960000000,67051960110250,67051966031375,5921125,6031375,110250,67051970000000,0,0,0
1,379,67051970000000,67051970104750,67051975762125,5657375,5762125,104750,67051980000000,0,0,0
1,380,67051980000000,67051980106000,67051985764125,5658125,5764125,106000,67051990000000,0,0,0
1,381,67051990000000,67051990106750,67051995644875,5538125,5644875,106750,67052000000000,0,0,0
1,382,67052000000000,67052000110625,67052006076375,5965750,6076375,110625,67052010000000,0,0,0
1,383,67052010000000,67052010109125,67052015847875,5738750,5847875,109125,67052020000000,0,0,0
1,384,67052020000000,67052020103625,67052026199250,6095625,6199250,103625,67052030000000,0,0,0
1,385,67052030000000,67052030102500,67052035980000,5877500,5980000,102500,67052040000000,0,0,0
1,386,67052040000000,67052040090750,67052046008125,5917375,6008125,90750,67052050000000,0,0,0
1,387,67052050000000,67052050109250,67052055776500,5667250,5776500,109250,67052060000000,0,0,0
1,388,67052060000000,67052060127375,67052065914625,5787250,5914625,127375,67052070000000,0,0,0
1,389,67052070000000,67052070111250,67052075769375,5658125,5769375,111250,67052080000000,0,0,0
1,390,67052080000000,67052080130875,67052085911625,5780750,5911625,130875,67052090000000,0,0,0
1,391,67052090000000,67052090110125,67052095745250,5635125,5745250,110125,67052100000000,0,0,0
1,392,67052100000000,67052100108500,67052106136250,6027750,6136250,108500,67052110000000,0,0,0
1,393,67052110000000,67052110109750,67052116127125,6017375,6127125,109750,67052120000000,0,0,0
1,394,67052120000000,67052120093250,67052126041375,5948125,6041375,93250,67052130000000,0,0,0
1,395,67052130000000,67052130105375,67052135702500,5597125,5702500,105375,67052140000000,0,0,0
1,396,67052140000000,67052140108875,67052145874000,5765125,5874000,108875,67052150000000,0,0,0
1,397,67052150000000,67052150125000,67052155818875,5693875,5818875,125000,67052160000000,0,0,0
1,398,67052160000000,67052160110125,67052165935875,5825750,5935875,110125,67052170000000,0,0,0
1,399,67052170000000,67052170066625,67052175740375,5673750,5740375,66625,67052180000000,0,0,0
1,400,67052180000000,67052180103750,67052185882000,5778250,5882000,103750,67052190000000,0,0,0
1,401,67052190000000,67052190101375,67052195586500,5485125,5586500,101375,67052200000000,0,0,0
1,402,67052200000000,67052200103250,67052205954250,5851000,5954250,103250,67052210000000,0,0,0
1,403,67052210000000,67052210102500,67052215740625,5638125,5740625,102500,67052220000000,0,0,0
1,404,67052220000000,67052220107875,67052225826500,5718625,5826500,107875,67052230000000,0,0,0
1,405,67052230000000,67052230101750,67052235856250,5754500,5856250,101750,67052240000000,0,0,0
1,406,67052240000000,67052240106375,67052245922000,5815625,5922000,106375,67052250000000,0,0,0
1,407,67052250000000,67052250109125,67052255815000,5705875,5815000,109125,67052260000000,0,0,0
1,408,67052260000000,67052260122750,67052265985125,5862375,5985125,122750,67052270000000,0,0,0
1,409,67052270000000,67052270110625,67052275712625,5602000,5712625,110625,67052280000000,0,0,0
1,410,67052280000000,67052280102250,67052285907750,5805500,5907750,102250,67052290000000,0,0,0
1,411,67052290000000,67052290110125,67052295855500,5745375,5855500,110125,67052300000000,0,0,0
1,412,67052300000000,67052300109750,67052305980375,5870625,5980375,109750,67052310000000,0,0,0
1,413,67052310000000,67052310107125,67052315797750,5690625,5797750,107125,67052320000000,0,0,0
1,414,67052320000000,67052320107375,67052325932000,5824625,5932000,107375,67052330000000,0,0,0
1,415,67052330000000,67052330121500,67052335586375,5464875,5586375,121500,67052340000000,0,0,0
1,416,67052340000000,67052340103500,67052345917750,5814250,5917750,103500,67052350000000,0,0,0
1,417,67052350000000,67052350105875,67052355837375,5731500,5837375,105875,67052360000000,0,0,0
1,418,67052360000000,67052360113750,67052366222000,6108250,6222000,113750,67052370000000,0,0,0
1,419,67052370000000,67052370105000,67052375980000,5875000,5980000,105000,67052380000000,0,0,0
1,420,67052380000000,67052380085000,67052385905875,5820875,5905875,85000,67052390000000,0,0,0
1,421,67052390000000,67052390106875,67052395624000,5517125,5624000,106875,67052400000000,0,0,0
1,422,67052400000000,67052400125125,67052405986250,5861125,5986250,125125,67052410000000,0,0,0
1,423,67052410000000,67052410108750,67052415876250,5767500,5876250,108750,67052420000000,0,0,0
1,424,67052420000000,67052420128500,67052426325625,6197125,6325625,128500,67052430000000,0,0,0
1,425,67052430000000,67052430112750,67052435984000,5871250,5984000,112750,67052440000000,0,0,0
1,426,67052440000000,67052440094625,67052445970500,5875875,5970500,94625,67052450000000,0,0,0
1,427,67052450000000,67052450105125,67052455818375,5713250,5818375,105125,67052460000000,0,0,0
1,428,67052460000000,67052460107875,67052465882625,5774750,5882625,107875,67052470000000,0,0,0
1,429,67052470000000,67052470106125,67052475964125,5858000,5964125,106125,67052480000000,0,0,0
1,430,67052480000000,67052480088250,67052485945750,5857500,5945750,88250,67052490000000,0,0,0
1,431,67052490000000,67052490108500,67052495890375,5781875,5890375,108500,67052500000000,0,0,0
1,432,67052500000000,67052501036625,67052506624625,5588000,6624625,1036625,67052510000000,0,0,0
1,433,67052510000000,67052510106875,67052515642625,5535750,5642625,106875,67052520000000,0,0,0
1,434,67052520000000,67052520108625,67052525913000,5804375,5913000,108625,67052530000000,0,0,0
1,435,67052530000000,67052530124250,67052535735500,5611250,5735500,124250,67052540000000,0,0,0
1,436,67052540000000,67052540107750,67052546193000,6085250,6193000,107750,67052550000000,0,0,0
1,437,67052550000000,67052550124625,67052555793625,5669000,5793625,124625,67052560000000,0,0,0
1,438,67052560000000,67052560115625,67052566225625,6110000,6225625,115625,67052570000000,0,0,0
1,439,67052570000000,67052570125250,67052575727750,5602500,5727750,125250,67052580000000,0,0,0
1,440,67052580000000,67052580073000,67052585770750,5697750,5770750,73000,67052590000000,0,0,0
1,441,67052590000000,67052590102625,67052595901250,5798625,5901250,102625,67052600000000,0,0,0
1,442,67052600000000,67052600112125,67052605897000,5784875,5897000,112125,67052610000000,0,0,0
1,443,67052610000000,67052610101625,67052616260625,6159000,6260625,101625,67052620000000,0,0,0
1,444,67052620000000,67052620094875,67052626052000,5957125,6052000,94875,67052630000000,0,0,0
1,445,67052630000000,67052630105750,67052635650000,5544250,5650000,105750,67052640000000,0,0,0
1,446,67052640000000,67052640078750,67052645882125,5803375,5882125,78750,67052650000000,0,0,0
1,447,67052650000000,67052650100750,67052655585625,5484875,5585625,100750,67052660000000,0,0,0
1,448,67052660000000,67052660126125,67052665948500,5822375,5948500,126125,67052670000000,0,0,0
1,449,67052670000000,67052670106500,67052675720000,5613500,5720000,106500,67052680000000,0,0,0
1,450,67052680000000,67052680127500,67052685930125,5802625,5930125,127500,67052690000000,0,0,0
1,451,67052690000000,67052690107875,67052695727125,5619250,5727125,107875,67052700000000,0,0,0
1,452,67052700000000,67052700106750,67052705866625,5759875,5866625,106750,67052710000000,0,0,0
1,453,67052710000000,67052710106875,67052715760625,5653750,5760625,106875,67052720000000,0,0,0
1,454,67052720000000,67052720105750,67052726175625,6069875,6175625,105750,67052730000000,0,0,0
1,455,67052730000000,67052730106000,67052735885500,5779500,5885500,106000,67052740000000,0,0,0
1,456,67052740000000,67052740113000,67052745891500,5778500,5891500,113000,67052750000000,0,0,0
1,457,67052750000000,67052750110750,67052755768875,5658125,5768875,110750,67052760000000,0,0,0
1,458,67052760000000,67052760112125,67052766033125,5921000,6033125,112125,67052770000000,0,0,0
1,459,67052770000000,67052770101375,67052775829625,5728250,5829625,101375,67052780000000,0,0,0
1,460,67052780000000,67052780094625,67052785936750,5842125,5936750,94625,67052790000000,0,0,0
1,461,67052790000000,67052790121125,67052795572125,5451000,5572125,121125,67052800000000,0,0,0
1,462,67052800000000,67052800108625,67052805982750,5874125,5982750,108625,67052810000000,0,0,0
1,463,67052810000000,67052810126000,67052815633375,5507375,5633375,126000,67052820000000,0,0,0
1,464,67052820000000,67052820108250,67052825855375,5747125,5855375,108250,67052830000000,0,0,0
1,465,67052830000000,67052830069375,67052835621625,5552250,5621625,69375,67052840000000,0,0,0
1,466,67052840000000,67052840113750,67052845881000,5767250,5881000,113750,67052850000000,0,0,0
1,467,67052850000000,67052850107375,67052855743750,5636375,5743750,107375,67052860000000,0,0,0
1,468,67052860000000,67052860111125,67052865919000,5807875,5919000,111125,67052870000000,0,0,0
1,469,67052870000000,67052870103500,67052876077125,5973625,6077125,103500,67052880000000,0,0,0
1,470,67052880000000,67052880097000,67052886085500,5988500,6085500,97000,67052890000000,0,0,0
1,471,67052890000000,67052890102750,67052895745375,5642625,5745375,102750,67052900000000,0,0,0
1,472,67052900000000,67052900126375,67052905893750,5767375,5893750,126375,67052910000000,0,0,0
1,473,67052910000000,67052910107250,67052915745000,5637750,5745000,107250,67052920000000,0,0,0
1,474,67052920000000,67052920127750,67052925940500,5812750,5940500,127750,67052930000000,0,0,0
1,475,67052930000000,67052930110250,67052935789875,5679625,5789875,110250,67052940000000,0,0,0
1,476,67052940000000,67052940106250,67052945870125,5763875,5870125,106250,67052950000000,0,0,0
1,477,67052950000000,67052950107375,67052955684875,5577500,5684875,107375,67052960000000,0,0,0
1,478,67052960000000,67052960111000,67052965929500,5818500,5929500,111000,67052970000000,0,0,0
1,479,67052970000000,67052970111625,67052975834750,5723125,5834750,111625,67052980000000,0,0,0
1,480,67052980000000,67052980110000,67052986039000,5929000,6039000,110000,67052990000000,0,0,0
1,481,67052990000000,67052990105875,67052995714500,5608625,5714500,105875,67053000000000,0,0,0
1,482,67053000000000,67053000108375,67053005969875,5861500,5969875,108375,67053010000000,0,0,0
1,483,67053010000000,67053010106500,67053016189875,6083375,6189875,106500,67053020000000,0,0,0
1,484,67053020000000,67053020080625,67053025838500,5757875,5838500,80625,67053030000000,0,0,0
1,485,67053030000000,67053030122000,67053036058875,5936875,6058875,122000,67053040000000,0,0,0
1,486,67053040000000,67053040092875,67053045997500,5904625,5997500,92875,67053050000000,0,0,0
1,487,67053050000000,67053050105000,67053055616000,5511000,5616000,105000,67053060000000,0,0,0
1,488,67053060000000,67053060113375,67053065903375,5790000,5903375,113375,67053070000000,0,0,0
1,489,67053070000000,67053070106375,67053075771750,5665375,5771750,106375,67053080000000,0,0,0
1,490,67053080000000,67053080104875,67053085915500,5810625,5915500,104875,67053090000000,0,0,0
1,491,67053090000000,67053090102625,67053095640125,5537500,5640125,102625,67053100000000,0,0,0
1,492,67053100000000,67053100133250,67053105852875,5719625,5852875,133250,67053110000000,0,0,0
1,493,67053110000000,67053110106875,67053115635750,5528875,5635750,106875,67053120000000,0,0,0
1,494,67053120000000,67053120107125,67053125839750,5732625,5839750,107125,67053130000000,0,0,0
1,495,67053130000000,67053130109375,67053135611875,5502500,5611875,109375,67053140000000,0,0,0
1,496,67053140000000,67053140109250,67053145824000,5714750,5824000,109250,67053150000000,0,0,0
1,497,67053150000000,67053150101000,67053155785000,5684000,5785000,101000,67053160000000,0,0,0
1,498,67053160000000,67053160109000,67053166135000,6026000,6135000,109000,67053170000000,0,0,0
1,499,67053170000000,67053170101750,67053176101000,5999250,6101000,101750,67053180000000,0,0,0
1,500,67053180000000,67053180093250,67053185950500,5857250,5950500,93250,67053190000000,0,0,0
1,501,67053190000000,67053190078000,67053195761625,5683625,5761625,78000,67053200000000,0,0,0
1,502,67053200000000,67053200105000,67053205887750,5782750,5887750,105000,67053210000000,0,0,0
1,503,67053210000000,67053210125625,67053215638375,5512750,5638375,125625,67053220000000,0,0,0
1,504,67053220000000,67053220109125,67053225819000,5709875,5819000,109125,67053230000000,0,0,0
1,505,67053230000000,67053230110250,67053236095500,5985250,6095500,110250,67053240000000,0,0,0
1,506,67053240000000,67053240093750,67053246056250,5962500,6056250,93750,67053250000000,0,0,0
1,507,67053250000000,67053250102750,67053255766250,5663500,5766250,102750,67053260000000,0,0,0
1,508,67053260000000,67053260112000,67053266006875,5894875,6006875,112000,67053270000000,0,0,0
1,509,67053270000000,67053270107375,67053275642125,5534750,5642125,107375,67053280000000,0,0,0
1,510,67053280000000,67053280104500,67053285964875,5860375,5964875,104500,67053290000000,0,0,0
1,511,67053290000000,67053290107875,67053295839750,5731875,5839750,107875,67053300000000,0,0,0
1,512,67053300000000,67053300106375,67053306139375,6033000,6139375,106375,67053310000000,0,0,0
1,513,67053310000000,67053310100500,67053315999750,5899250,5999750,100500,67053320000000,0,0,0
1,514,67053320000000,67053320094125,67053326075375,5981250,6075375,94125,67053330000000,0,0,0
1,515,67053330000000,67053330106375,67053335926000,5819625,5926000,106375,67053340000000,0,0,0
1,516,67053340000000,67053340122625,67053345892500,5769875,5892500,122625,67053350000000,0,0,0
1,517,67053350000000,67053350105500,67053355659250,5553750,5659250,105500,67053360000000,0,0,0
1,518,67053360000000,67053360132000,67053365933375,5801375,5933375,132000,67053370000000,0,0,0
1,519,67053370000000,67053370108000,67053375730250,5622250,5730250,108000,67053380000000,0,0,0
1,520,67053380000000,67053380112250,67053386112125,5999875,6112125,112250,67053390000000,0,0,0
1,521,67053390000000,67053390109625,67053395783375,5673750,5783375,109625,67053400000000,0,0,0
1,522,67053400000000,67053400110000,67053405885750,5775750,5885750,110000,67053410000000,0,0,0
1,523,67053410000000,67053410099625,67053415737250,5637625,5737250,99625,67053420000000,0,0,0
1,524,67053420000000,67053420106875,67053425928875,5822000,5928875,106875,67053430000000,0,0,0
1,525,67053430000000,67053430101625,67053435677000,5575375,5677000,101625,67053440000000,0,0,0
1,526,67053440000000,67053440112250,67053446125125,6012875,6125125,112250,67053450000000,0,0,0
1,527,67053450000000,67053450102875,67053455684000,5581125,5684000,102875,67053460000000,0,0,0
1,528,67053460000000,67053460110375,67053465907750,5797375,5907750,110375,67053470000000,0,0,0
1,529,67053470000000,67053470125500,67053475575000,5449500,5575000,125500,67053480000000,0,0,0
1,530,67053480000000,67053480108125,67053485960625,5852500,5960625,108125,67053490000000,0,0,0
1,531,67053490000000,67053490127125,67053495608875,5481750,5608875,127125,67053500000000,0,0,0
1,532,67053500000000,67053500111500,67053505922750,5811250,5922750,111500,67053510000000,0,0,0
1,533,67053510000000,67053510107375,67053516100750,5993375,6100750,107375,67053520000000,0,0,0
1,534,67053520000000,67053520092875,67053525871875,5779000,5871875,92875,67053530000000,0,0,0
1,535,67053530000000,67053530103375,67053536185750,6082375,6185750,103375,67053540000000,0,0,0
1,536,67053540000000,67053540093125,67053545941250,5848125,5941250,93125,67053550000000,0,0,0
1,537,67053550000000,67053550105500,67053555607375,5501875,5607375,105500,67053560000000,0,0,0
1,538,67053560000000,67053560122875,67053565776625,5653750,5776625,122875,67053570000000,0,0,0
1,539,67053570000000,67053570110375,67053575595625,5485250,5595625,110375,67053580000000,0,0,0
1,540,67053580000000,67053580127250,67053585917000,5789750,5917000,127250,67053590000000,0,0,0
1,541,67053590000000,67053590107000,67053595609625,5502625,5609625,107000,67053600000000,0,0,0
1,542,67053600000000,67053600068875,67053605992250,5923375,5992250,68875,67053610000000,0,0,0
1,543,67053610000000,67053610109000,67053615792500,5683500,5792500,109000,67053620000000,0,0,0
1,544,67053620000000,67053620112125,67053626177250,6065125,6177250,112125,67053630000000,0,0,0
1,545,67053630000000,67053630103750,67053636068000,5964250,6068000,103750,67053640000000,0,0,0
1,546,67053640000000,67053640090500,67053646072250,5981750,6072250,90500,67053650000000,0,0,0
1,547,67053650000000,67053650122125,67053655737500,5615375,5737500,122125,67053660000000,0,0,0
1,548,67053660000000,67053660092750,67053666035750,5943000,6035750,92750,67053670000000,0,0,0
1,549,67053670000000,67053670123875,67053675863250,5739375,5863250,123875,67053680000000,0,0,0
1,550,67053680000000,67053680108250,67053686025125,5916875,6025125,108250,67053690000000,0,0,0
1,551,67053690000000,67053690103500,67053695660000,5556500,5660000,103500,67053700000000,0,0,0
1,552,67053700000000,67053700106250,67053705791750,5685500,5791750,106250,67053710000000,0,0,0
1,553,67053710000000,67053710106250,67053715733625,5627375,5733625,106250,67053720000000,0,0,0
1,554,67053720000000,67053720112500,67053726007500,5895000,6007500,112500,67053730000000,0,0,0
1,555,67053730000000,67053730107750,67053736162250,6054500,6162250,107750,67053740000000,0,0,0
1,556,67053740000000,67053740094750,67053746105125,6010375,6105125,94750,67053750000000,0,0,0
1,557,67053750000000,67053750100875,67053755662250,5561375,5662250,100875,67053760000000,0,0,0
1,558,67053760000000,67053760126250,67053765951500,5825250,5951500,126250,67053770000000,0,0,0
1,559,67053770000000,67053770108875,67053775741500,5632625,5741500,108875,67053780000000,0,0,0
1,560,67053780000000,67053780126125,67053785972125,5846000,5972125,126125,67053790000000,0,0,0
1,561,67053790000000,67053790115500,67053795750000,5634500,5750000,115500,67053800000000,0,0,0
1,562,67053800000000,67053800090500,67053805982750,5892250,5982750,90500,67053810000000,0,0,0
1,563,67053810000000,67053810106250,67053815609125,5502875,5609125,106250,67053820000000,0,0,0
1,564,67053820000000,67053820103250,67053825725375,5622125,5725375,103250,67053830000000,0,0,0
1,565,67053830000000,67053830104625,67053835682250,5577625,5682250,104625,67053840000000,0,0,0
1,566,67053840000000,67053840107125,67053846256750,6149625,6256750,107125,67053850000000,0,0,0
1,567,67053850000000,67053850106375,67053856194000,6087625,6194000,106375,67053860000000,0,0,0
1,568,67053860000000,67053860090625,67053866132250,6041625,6132250,90625,67053870000000,0,0,0
1,569,67053870000000,67053870124125,67053875959625,5835500,5959625,124125,67053880000000,0,0,0
1,570,67053880000000,67053880091750,67053885869500,5777750,5869500,91750,67053890000000,0,0,0
1,571,67053890000000,67053890125500,67053895977000,5851500,5977000,125500,67053900000000,0,0,0
1,572,67053900000000,67053900093250,67053905980375,5887125,5980375,93250,67053910000000,0,0,0
1,573,67053910000000,67053910098625,67053915787875,5689250,5787875,98625,67053920000000,0,0,0
1,574,67053920000000,67053920106250,67053925933375,5827125,5933375,106250,67053930000000,0,0,0
1,575,67053930000000,67053930110375,67053935727250,5616875,5727250,110375,67053940000000,0,0,0
1,576,67053940000000,67053940112500,67053945825750,5713250,5825750,112500,67053950000000,0,0,0
1,577,67053950000000,67053950103250,67053955764250,5661000,5764250,103250,67053960000000,0,0,0
1,578,67053960000000,67053960102625,67053965863250,5760625,5863250,102625,67053970000000,0,0,0
1,579,67053970000000,67053970102250,67053975729500,5627250,5729500,102250,67053980000000,0,0,0
1,580,67053980000000,67053980127625,67053986143250,6015625,6143250,127625,67053990000000,0,0,0
1,581,67053990000000,67053990104750,67053996094250,5989500,6094250,104750,67054000000000,0,0,0
1,582,67054000000000,67054000094250,67054006075000,5980750,6075000,94250,67054010000000,0,0,0
1,583,67054010000000,67054010104125,67054015786000,5681875,5786000,104125,67054020000000,0,0,0
1,584,67054020000000,67054020108125,67054025965750,5857625,5965750,108125,67054030000000,0,0,0
1,585,67054030000000,67054030108125,67054035564750,5456625,5564750,108125,67054040000000,0,0,0
1,586,67054040000000,67054040107750,67054045930875,5823125,5930875,107750,67054050000000,0,0,0
1,587,67054050000000,67054050106625,67054055866875,5760250,5866875,106625,67054060000000,0,0,0
1,588,67054060000000,67054060112750,67054066131000,6018250,6131000,112750,67054070000000,0,0,0
1,589,67054070000000,67054070110875,67054075716875,5606000,5716875,110875,67054080000000,0,0,0
1,590,67054080000000,67054080107250,67054085950125,5842875,5950125,107250,67054090000000,0,0,0
1,591,67054090000000,67054090102250,67054095931250,5829000,5931250,102250,67054100000000,0,0,0
1,592,67054100000000,67054100088375,67054105999000,5910625,5999000,88375,67054110000000,0,0,0
1,593,67054110000000,67054110104250,67054115610625,5506375,5610625,104250,67054120000000,0,0,0
1,594,67054120000000,67054120108750,67054125926500,5817750,5926500,108750,67054130000000,0,0,0
1,595,67054130000000,67054130122125,67054136112875,5990750,6112875,122125,67054140000000,0,0,0
1,596,67054140000000,67054140095125,67054145902125,5807000,5902125,95125,67054150000000,0,0,0
1,597,67054150000000,67054150121125,67054155871875,5750750,5871875,121125,67054160000000,0,0,0
1,598,67054160000000,67054160107375,67054165855250,5747875,5855250,107375,67054170000000,0,0,0
1,599,67054170000000,67054170124375,67054175870625,5746250,5870625,124375,67054180000000,0,0,0
1,600,67054180000000,67054180107625,67054185876250,5768625,5876250,107625,67054190000000,0,0,0
1,601,67054190000000,67054190101625,67054195819625,5718000,5819625,101625,67054200000000,0,0,0
1,602,67054200000000,67054200111375,67054206074250,5962875,6074250,111375,67054210000000,0,0,0
1,603,67054210000000,67054210068125,67054215670375,5602250,5670375,68125,67054220000000,0,0,0
1,604,67054220000000,67054220113625,67054226230375,6116750,6230375,113625,67054230000000,0,0,0
1,605,67054230000000,67054230112500,67054235820000,5707500,5820000,112500,67054240000000,0,0,0
1,606,67054240000000,67054240108750,67054245891000,5782250,5891000,108750,67054250000000,0,0,0
1,607,67054250000000,67054250102000,67054255657375,5555375,5657375,102000,67054260000000,0,0,0
1,608,67054260000000,67054260108625,67054265920625,5812000,5920625,108625,67054270000000,0,0,0
1,609,67054270000000,67054270106875,67054275688250,5581375,5688250,106875,67054280000000,0,0,0
1,610,67054280000000,67054280101375,67054285960875,5859500,5960875,101375,67054290000000,0,0,0
1,611,67054290000000,67054290108500,67054295673500,5565000,5673500,108500,67054300000000,0,0,0
1,612,67054300000000,67054300123875,67054305974375,5850500,5974375,123875,67054310000000,0,0,0
1,613,67054310000000,67054310103000,67054315719375,5616375,5719375,103000,67054320000000,0,0,0
1,614,67054320000000,67054320103750,67054325917750,5814000,5917750,103750,67054330000000,0,0,0
1,615,67054330000000,67054330111250,67054335789125,5677875,5789125,111250,67054340000000,0,0,0
1,616,67054340000000,67054340110375,67054346185000,6074625,6185000,110375,67054350000000,0,0,0
1,617,67054350000000,67054350110000,67054355879000,5769000,5879000,110000,67054360000000,0,0,0
1,618,67054360000000,67054360111000,67054366188375,6077375,6188375,111000,67054370000000,0,0,0
1,619,67054370000000,67054370106125,67054375796125,5690000,5796125,106125,67054380000000,0,0,0
1,620,67054380000000,67054380107500,67054386022375,5914875,6022375,107500,67054390000000,0,0,0
1,621,67054390000000,67054390119875,67054395831000,5711125,5831000,119875,67054400000000,0,0,0
1,622,67054400000000,67054400092250,67054406000875,5908625,6000875,92250,67054410000000,0,0,0
1,623,67054410000000,67054410122875,67054415668875,5546000,5668875,122875,67054420000000,0,0,0
1,624,67054420000000,67054420112250,67054425900375,5788125,5900375,112250,67054430000000,0,0,0
1,625,67054430000000,67054430070500,67054435812625,5742125,5812625,70500,67054440000000,0,0,0
1,626,67054440000000,67054440157125,67054445905375,5748250,5905375,157125,67054450000000,0,0,0
1,627,67054450000000,67054450111500,67054455986875,5875375,5986875,111500,67054460000000,0,0,0
1,628,67054460000000,67054460093625,67054465904500,5810875,5904500,93625,67054470000000,0,0,0
1,629,67054470000000,67054470104250,67054475715750,5611500,5715750,104250,67054480000000,0,0,0
1,630,67054480000000,67054480127375,67054485801375,5674000,5801375,127375,67054490000000,0,0,0
1,631,67054490000000,67054490103125,67054495776625,5673500,5776625,103125,67054500000000,0,0,0
1,632,67054500000000,67054500126625,67054505998750,5872125,5998750,126625,67054510000000,0,0,0
1,633,67054510000000,67054510107250,67054515845875,5738625,5845875,107250,67054520000000,0,0,0
1,634,67054520000000,67054520127250,67054526169500,6042250,6169500,127250,67054530000000,0,0,0
1,635,67054530000000,67054530106125,67054536054625,5948500,6054625,106125,67054540000000,0,0,0
1,636,67054540000000,67054540092750,67054545929375,5836625,5929375,92750,67054550000000,0,0,0
1,637,67054550000000,67054550101125,67054555834000,5732875,5834000,101125,67054560000000,0,0,0
1,638,67054560000000,67054560107250,67054566092625,5985375,6092625,107250,67054570000000,0,0,0
1,639,67054570000000,67054570101875,67054575961625,5859750,5961625,101875,67054580000000,0,0,0
1,640,67054580000000,67054580086875,67054585988500,5901625,5988500,86875,67054590000000,0,0,0
1,641,67054590000000,67054590123750,67054595813625,5689875,5813625,123750,67054600000000,0,0,0
1,642,67054600000000,67054600109250,67054605828750,5719500,5828750,109250,67054610000000,0,0,0
1,643,67054610000000,67054610104000,67054615531625,5427625,5531625,104000,67054620000000,0,0,0
1,644,67054620000000,67054620072750,67054625962000,5889250,5962000,72750,67054630000000,0,0,0
1,645,67054630000000,67054630104625,67054635702500,5597875,5702500,104625,67054640000000,0,0,0
1,646,67054640000000,67054640110750,67054645857750,5747000,5857750,110750,67054650000000,0,0,0
1,647,67054650000000,67054650103250,67054655662125,5558875,5662125,103250,67054660000000,0,0,0
1,648,67054660000000,67054660116875,67054665951250,5834375,5951250,116875,67054670000000,0,0,0
1,649,67054670000000,67054670107875,67054675870500,5762625,5870500,107875,67054680000000,0,0,0
1,650,67054680000000,67054680115125,67054686191625,6076500,6191625,115125,67054690000000,0,0,0
1,651,67054690000000,67054690103625,67054695565500,5461875,5565500,103625,67054700000000,0,0,0
1,652,67054700000000,67054700112125,67054706022875,5910750,6022875,112125,67054710000000,0,0,0
1,653,67054710000000,67054710112625,67054715791000,5678375,5791000,112625,67054720000000,0,0,0
1,654,67054720000000,67054720108250,67054725901500,5793250,5901500,108250,67054730000000,0,0,0
1,655,67054730000000,67054730107625,67054735752375,5644750,5752375,107625,67054740000000,0,0,0
1,656,67054740000000,67054740107000,67054745941000,5834000,5941000,107000,67054750000000,0,0,0
1,657,67054750000000,67054750104500,67054755821250,5716750,5821250,104500,67054760000000,0,0,0
1,658,67054760000000,67054760107250,67054765931750,5824500,5931750,107250,67054770000000,0,0,0
1,659,67054770000000,67054770108125,67054775768125,5660000,5768125,108125,67054780000000,0,0,0
1,660,67054780000000,67054780123500,67054785910375,5786875,5910375,123500,67054790000000,0,0,0
1,661,67054790000000,67054790106875,67054795731500,5624625,5731500,106875,67054800000000,0,0,0
1,662,67054800000000,67054800124375,67054805928750,5804375,5928750,124375,67054810000000,0,0,0
1,663,67054810000000,67054810108375,67054815853750,5745375,5853750,108375,67054820000000,0,0,0
1,664,67054820000000,67054820095125,67054825875000,5779875,5875000,95125,67054830000000,0,0,0
1,665,67054830000000,67054830104625,67054835691000,5586375,5691000,104625,67054840000000,0,0,0
1,666,67054840000000,67054840109500,67054845881375,5771875,5881375,109500,67054850000000,0,0,0
1,667,67054850000000,67054850106625,67054855627000,5520375,5627000,106625,67054860000000,0,0,0
1,668,67054860000000,67054860106750,67054865938000,5831250,5938000,106750,67054870000000,0,0,0
1,669,67054870000000,67054870104375,67054875771750,5667375,5771750,104375,67054880000000,0,0,0
1,670,67054880000000,67054880110000,67054886137750,6027750,6137750,110000,67054890000000,0,0,0
1,671,67054890000000,67054890101000,67054895828750,5727750,5828750,101000,67054900000000,0,0,0
1,672,67054900000000,67054900111375,67054906024875,5913500,6024875,111375,67054910000000,0,0,0
1,673,67054910000000,67054910124125,67054915676500,5552375,5676500,124125,67054920000000,0,0,0
1,674,67054920000000,67054920108125,67054925848125,5740000,5848125,108125,67054930000000,0,0,0
1,675,67054930000000,67054930107875,67054935624375,5516500,5624375,107875,67054940000000,0,0,0
1,676,67054940000000,67054940109750,67054945955750,5846000,5955750,109750,67054950000000,0,0,0
1,677,67054950000000,67054950106500,67054955813750,5707250,5813750,106500,67054960000000,0,0,0
1,678,67054960000000,67054960104375,67054965931625,5827250,5931625,104375,67054970000000,0,0,0
1,679,67054970000000,67054970103125,67054975766125,5663000,5766125,103125,67054980000000,0,0,0
1,680,67054980000000,67054980125750,67054986014750,5889000,6014750,125750,67054990000000,0,0,0
1,681,67054990000000,67054990107250,67054995593125,5485875,5593125,107250,67055000000000,0,0,0
1,682,67055000000000,67055000104250,67055005973750,5869500,5973750,104250,67055010000000,0,0,0
1,683,67055010000000,67055010106750,67055015598875,5492125,5598875,106750,67055020000000,0,0,0
1,684,67055020000000,67055020103000,67055025999750,5896750,5999750,103000,67055030000000,0,0,0
1,685,67055030000000,67055030104500,67055035569250,5464750,5569250,104500,67055040000000,0,0,0
1,686,67055040000000,67055040106500,67055045942375,5835875,5942375,106500,67055050000000,0,0,0
1,687,67055050000000,67055050125000,67055055645875,5520875,5645875,125000,67055060000000,0,0,0
1,688,67055060000000,67055060111625,67055065837750,5726125,5837750,111625,67055070000000,0,0,0
1,689,67055070000000,67055070123375,67055075777625,5654250,5777625,123375,67055080000000,0,0,0
1,690,67055080000000,67055080108875,67055086205125,6096250,6205125,108875,67055090000000,0,0,0
1,691,67055090000000,67055090131000,67055095880875,5749875,5880875,131000,67055100000000,0,0,0
1,692,67055100000000,67055100110000,67055106022500,5912500,6022500,110000,67055110000000,0,0,0
1,693,67055110000000,67055110102625,67055115832125,5729500,5832125,102625,67055120000000,0,0,0
1,694,67055120000000,67055120109375,67055125994125,5884750,5994125,109375,67055130000000,0,0,0
1,695,67055130000000,67055130106750,67055136158625,6051875,6158625,106750,67055140000000,0,0,0
1,696,67055140000000,67055140094250,67055146133125,6038875,6133125,94250,67055150000000,0,0,0
1,697,67055150000000,67055150109500,67055155821625,5712125,5821625,109500,67055160000000,0,0,0
1,698,67055160000000,67055160105125,67055165850000,5744875,5850000,105125,67055170000000,0,0,0
1,699,67055170000000,67055170109875,67055175667250,5557375,5667250,109875,67055180000000,0,0,0
1,700,67055180000000,67055180127000,67055185892000,5765000,5892000,127000,67055190000000,0,0,0
1,701,67055190000000,67055190106750,67055195709375,5602625,5709375,106750,67055200000000,0,0,0
1,702,67055200000000,67055200124875,67055205844000,5719125,5844000,124875,67055210000000,0,0,0
1,703,67055210000000,67055210103375,67055215623875,5520500,5623875,103375,67055220000000,0,0,0
1,704,67055220000000,67055220125875,67055225849125,5723250,5849125,125875,67055230000000,0,0,0
1,705,67055230000000,67055230069125,67055235581250,5512125,5581250,69125,67055240000000,0,0,0
1,706,67055240000000,67055240124250,67055245871750,5747500,5871750,124250,67055250000000,0,0,0
1,707,67055250000000,67055250101625,67055255610250,5508625,5610250,101625,67055260000000,0,0,0
1,708,67055260000000,67055260102000,67055265899125,5797125,5899125,102000,67055270000000,0,0,0
1,709,67055270000000,67055270105375,67055275583250,5477875,5583250,105375,67055280000000,0,0,0
1,710,67055280000000,67055280108875,67055285809250,5700375,5809250,108875,67055290000000,0,0,0
1,711,67055290000000,67055290107125,67055295732000,5624875,5732000,107125,67055300000000,0,0,0
1,712,67055300000000,67055300108000,67055305896875,5788875,5896875,108000,67055310000000,0,0,0
1,713,67055310000000,67055310105250,67055315799500,5694250,5799500,105250,67055320000000,0,0,0
1,714,67055320000000,67055320105875,67055325841125,5735250,5841125,105875,67055330000000,0,0,0
1,715,67055330000000,67055330126000,67055335833625,5707625,5833625,126000,67055340000000,0,0,0
1,716,67055340000000,67055340109750,67055345732250,5622500,5732250,109750,67055350000000,0,0,0
1,717,67055350000000,67055350106500,67055355993125,5886625,5993125,106500,67055360000000,0,0,0
1,718,67055360000000,67055360093250,67055365943250,5850000,5943250,93250,67055370000000,0,0,0
1,719,67055370000000,67055370106750,67055375820125,5713375,5820125,106750,67055380000000,0,0,0
1,720,67055380000000,67055380105125,67055385922000,5816875,5922000,105125,67055390000000,0,0,0
1,721,67055390000000,67055390106875,67055395722125,5615250,5722125,106875,67055400000000,0,0,0
1,722,67055400000000,67055400104750,67055405766500,5661750,5766500,104750,67055410000000,0,0,0
1,723,67055410000000,67055410103750,67055415864875,5761125,5864875,103750,67055420000000,0,0,0
1,724,67055420000000,67055420110125,67055426283250,6173125,6283250,110125,67055430000000,0,0,0
1,725,67055430000000,67055430100125,67055435803000,5702875,5803000,100125,67055440000000,0,0,0
1,726,67055440000000,67055440127500,67055445883750,5756250,5883750,127500,67055450000000,0,0,0
1,727,67055450000000,67055450107625,67055455863250,5755625,5863250,107625,67055460000000,0,0,0
1,728,67055460000000,67055460129250,67055465982000,5852750,5982000,129250,67055470000000,0,0,0
1,729,67055470000000,67055470103875,67055475755625,5651750,5755625,103875,67055480000000,0,0,0
1,730,67055480000000,67055480110875,67055485923500,5812625,5923500,110875,67055490000000,0,0,0
1,731,67055490000000,67055490111875,67055495858875,5747000,5858875,111875,67055500000000,0,0,0
1,732,67055500000000,67055500108750,67055505887875,5779125,5887875,108750,67055510000000,0,0,0
1,733,67055510000000,67055510101250,67055515800500,5699250,5800500,101250,67055520000000,0,0,0
1,734,67055520000000,67055520087875,67055525861125,5773250,5861125,87875,67055530000000,0,0,0
1,735,67055530000000,67055530128375,67055535656125,5527750,5656125,128375,67055540000000,0,0,0
1,736,67055540000000,67055540112500,67055545932750,5820250,5932750,112500,67055550000000,0,0,0
1,737,67055550000000,67055550105375,67055555795750,5690375,5795750,105375,67055560000000,0,0,0
1,738,67055560000000,67055560110750,67055565863875,5753125,5863875,110750,67055570000000,0,0,0
1,739,67055570000000,67055570103625,67055575604375,5500750,5604375,103625,67055580000000,0,0,0
1,740,67055580000000,67055580105000,67055585828250,5723250,5828250,105000,67055590000000,0,0,0
1,741,67055590000000,67055590107375,67055595822625,5715250,5822625,107375,67055600000000,0,0,0
1,742,67055600000000,67055600106000,67055605938000,5832000,5938000,106000,67055610000000,0,0,0
1,743,67055610000000,67055610106125,67055615679625,5573500,5679625,106125,67055620000000,0,0,0
1,744,67055620000000,67055620123625,67055625900875,5777250,5900875,123625,67055630000000,0,0,0
1,745,67055630000000,67055630105625,67055635589000,5483375,5589000,105625,67055640000000,0,0,0
1,746,67055640000000,67055640074750,67055646045625,5970875,6045625,74750,67055650000000,0,0,0
1,747,67055650000000,67055650101000,67055656077000,5976000,6077000,101000,67055660000000,0,0,0
1,748,67055660000000,67055660094000,67055665849125,5755125,5849125,94000,67055670000000,0,0,0
1,749,67055670000000,67055670109875,67055675844500,5734625,5844500,109875,67055680000000,0,0,0
1,750,67055680000000,67055680107750,67055685925750,5818000,5925750,107750,67055690000000,0,0,0
1,751,67055690000000,67055690102375,67055695684000,5581625,5684000,102375,67055700000000,0,0,0
1,752,67055700000000,67055700108250,67055705878875,5770625,5878875,108250,67055710000000,0,0,0
1,753,67055710000000,67055710080875,67055715709000,5628125,5709000,80875,67055720000000,0,0,0
1,754,67055720000000,67055720107750,67055725910625,5802875,5910625,107750,67055730000000,0,0,0
1,755,67055730000000,67055730120625,67055735615500,5494875,5615500,120625,67055740000000,0,0,0
1,756,67055740000000,67055740109000,67055745913125,5804125,5913125,109000,67055750000000,0,0,0
1,757,67055750000000,67055750124625,67055755824875,5700250,5824875,124625,67055760000000,0,0,0
1,758,67055760000000,67055760110125,67055765827375,5717250,5827375,110125,67055770000000,0,0,0
1,759,67055770000000,67055770126750,67055775691875,5565125,5691875,126750,67055780000000,0,0,0
1,760,67055780000000,67055780108125,67055785866875,5758750,5866875,108125,67055790000000,0,0,0
1,761,67055790000000,67055790102875,67055796240750,6137875,6240750,102875,67055800000000,0,0,0
1,762,67055800000000,67055800094375,67055805870000,5775625,5870000,94375,67055810000000,0,0,0
1,763,67055810000000,67055810108000,67055815729125,5621125,5729125,108000,67055820000000,0,0,0
1,764,67055820000000,67055820108875,67055825917375,5808500,5917375,108875,67055830000000,0,0,0
1,765,67055830000000,67055830105375,67055835900500,5795125,5900500,105375,67055840000000,0,0,0
1,766,67055840000000,67055840068375,67055845929125,5860750,5929125,68375,67055850000000,0,0,0
1,767,67055850000000,67055850109000,67055855813750,5704750,5813750,109000,67055860000000,0,0,0
1,768,67055860000000,67055860126125,67055865913500,5787375,5913500,126125,67055870000000,0,0,0
1,769,67055870000000,67055870087375,67055875759250,5671875,5759250,87375,67055880000000,0,0,0
1,770,67055880000000,67055880126875,67055885915500,5788625,5915500,126875,67055890000000,0,0,0
1,771,67055890000000,67055890108375,67055896234875,6126500,6234875,108375,67055900000000,0,0,0
1,772,67055900000000,67055900096250,67055905932125,5835875,5932125,96250,67055910000000,0,0,0
1,773,67055910000000,67055910109875,67055916165875,6056000,6165875,109875,67055920000000,0,0,0
1,774,67055920000000,67055920094875,67055925983250,5888375,5983250,94875,67055930000000,0,0,0
1,775,67055930000000,67055930103625,67055935515000,5411375,5515000,103625,67055940000000,0,0,0
1,776,67055940000000,67055940110125,67055945905375,5795250,5905375,110125,67055950000000,0,0,0
1,777,67055950000000,67055950102125,67055955867125,5765000,5867125,102125,67055960000000,0,0,0
1,778,67055960000000,67055960107375,67055965886375,5779000,5886375,107375,67055970000000,0,0,0
1,779,67055970000000,67055970125625,67055975640875,5515250,5640875,125625,67055980000000,0,0,0
1,780,67055980000000,67055980111375,67055985871500,5760125,5871500,111375,67055990000000,0,0,0
1,781,67055990000000,67055990107500,67055995616500,5509000,5616500,107500,67056000000000,0,0,0
1,782,67056000000000,67056000110875,67056006010250,5899375,6010250,110875,67056010000000,0,0,0
1,783,67056010000000,67056010098750,67056015902875,5804125,5902875,98750,67056020000000,0,0,0
1,784,67056020000000,67056020108250,67056026129000,6020750,6129000,108250,67056030000000,0,0,0
1,785,67056030000000,67056030105125,67056035912000,5806875,5912000,105125,67056040000000,0,0,0
1,786,67056040000000,67056040107125,67056045982375,5875250,5982375,107125,67056050000000,0,0,0
1,787,67056050000000,67056050100250,67056056136375,6036125,6136375,100250,67056060000000,0,0,0
1,788,67056060000000,67056060093750,67056065961125,5867375,5961125,93750,67056070000000,0,0,0
1,789,67056070000000,67056070103625,67056075957250,5853625,5957250,103625,67056080000000,0,0,0
1,790,67056080000000,67056080091500,67056085843375,5751875,5843375,91500,67056090000000,0,0,0
1,791,67056090000000,67056090104500,67056096161875,6057375,6161875,104500,67056100000000,0,0,0
1,792,67056100000000,67056100116750,67056106122625,6005875,6122625,116750,67056110000000,0,0,0
1,793,67056110000000,67056110110250,67056115773250,5663000,5773250,110250,67056120000000,0,0,0
1,794,67056120000000,67056120122875,67056125871000,5748125,5871000,122875,67056130000000,0,0,0
1,795,67056130000000,67056130107000,67056136064375,5957375,6064375,107000,67056140000000,0,0,0
1,796,67056140000000,67056140095625,67056145952000,5856375,5952000,95625,67056150000000,0,0,0
1,797,67056150000000,67056150106875,67056155633875,5527000,5633875,106875,67056160000000,0,0,0
1,798,67056160000000,67056160107250,67056165818750,5711500,5818750,107250,67056170000000,0,0,0
1,799,67056170000000,67056170100750,67056175617750,5517000,5617750,100750,67056180000000,0,0,0
1,800,67056180000000,67056180110500,67056185921875,5811375,5921875,110500,67056190000000,0,0,0
1,801,67056190000000,67056190103000,67056196214125,6111125,6214125,103000,67056200000000,0,0,0
1,802,67056200000000,67056200092500,67056206065375,5972875,6065375,92500,67056210000000,0,0,0
1,803,67056210000000,67056210101750,67056215910125,5808375,5910125,101750,67056220000000,0,0,0
1,804,67056220000000,67056220110250,67056225757500,5647250,5757500,110250,67056230000000,0,0,0
1,805,67056230000000,67056230123500,67056235593250,5469750,5593250,123500,67056240000000,0,0,0
1,806,67056240000000,67056240107000,67056245885500,5778500,5885500,107000,67056250000000,0,0,0
1,807,67056250000000,67056250070750,67056255780375,5709625,5780375,70750,67056260000000,0,0,0
1,808,67056260000000,67056260113000,67056266112625,5999625,6112625,113000,67056270000000,0,0,0
1,809,67056270000000,67056270102250,67056275697500,5595250,5697500,102250,67056280000000,0,0,0
1,810,67056280000000,67056280107500,67056286078500,5971000,6078500,107500,67056290000000,0,0,0
1,811,67056290000000,67056290106375,67056295932875,5826500,5932875,106375,67056300000000,0,0,0
1,812,67056300000000,67056300088000,67056306017750,5929750,6017750,88000,67056310000000,0,0,0
1,813,67056310000000,67056310104375,67056315794625,5690250,5794625,104375,67056320000000,0,0,0
1,814,67056320000000,67056320128750,67056325896500,5767750,5896500,128750,67056330000000,0,0,0
1,815,67056330000000,67056330109125,67056335825875,5716750,5825875,109125,67056340000000,0,0,0
1,816,67056340000000,67056340127875,67056346060250,5932375,6060250,127875,67056350000000,0,0,0
1,817,67056350000000,67056350107875,67056355953875,5846000,5953875,107875,67056360000000,0,0,0
1,818,67056360000000,67056360088125,67056366100500,6012375,6100500,88125,67056370000000,0,0,0
1,819,67056370000000,67056370108500,67056375890750,5782250,5890750,108500,67056380000000,0,0,0
1,820,67056380000000,67056380091000,67056385853250,5762250,5853250,91000,67056390000000,0,0,0
1,821,67056390000000,67056390111750,67056395665625,5553875,5665625,111750,67056400000000,0,0,0
1,822,67056400000000,67056400106750,67056405880375,5773625,5880375,106750,67056410000000,0,0,0
1,823,67056410000000,67056410099625,67056415581875,5482250,5581875,99625,67056420000000,0,0,0
1,824,67056420000000,67056420108875,67056425794750,5685875,5794750,108875,67056430000000,0,0,0
1,825,67056430000000,67056430123625,67056435694125,5570500,5694125,123625,67056440000000,0,0,0
1,826,67056440000000,67056440108500,67056446051625,5943125,6051625,108500,67056450000000,0,0,0
1,827,67056450000000,67056450128375,67056455742625,5614250,5742625,128375,67056460000000,0,0,0
1,828,67056460000000,67056460075875,67056465848125,5772250,5848125,75875,67056470000000,0,0,0
1,829,67056470000000,67056470107875,67056475890375,5782500,5890375,107875,67056480000000,0,0,0
1,830,67056480000000,67056480110750,67056486192875,6082125,6192875,110750,67056490000000,0,0,0
1,831,67056490000000,67056490102875,67056495746625,5643750,5746625,102875,67056500000000,0,0,0
1,832,67056500000000,67056500107250,67056505908125,5800875,5908125,107250,67056510000000,0,0,0
1,833,67056510000000,67056510102750,67056515815875,5713125,5815875,102750,67056520000000,0,0,0
1,834,67056520000000,67056520104125,67056525861125,5757000,5861125,104125,67056530000000,0,0,0
1,835,67056530000000,67056530106875,67056536078125,5971250,6078125,106875,67056540000000,0,0,0
1,836,67056540000000,67056540092625,67056545869625,5777000,5869625,92625,67056550000000,0,0,0
1,837,67056550000000,67056550105375,67056555904250,5798875,5904250,105375,67056560000000,0,0,0
1,838,67056560000000,67056560126375,67056565994500,5868125,5994500,126375,67056570000000,0,0,0
1,839,67056570000000,67056570103875,67056575638375,5534500,5638375,103875,67056580000000,0,0,0
1,840,67056580000000,67056580107875,67056585942750,5834875,5942750,107875,67056590000000,0,0,0
1,841,67056590000000,67056590109250,67056595646875,5537625,5646875,109250,67056600000000,0,0,0
1,842,67056600000000,67056600107125,67056606058500,5951375,6058500,107125,67056610000000,0,0,0
1,843,67056610000000,67056610100250,67056615803875,5703625,5803875,100250,67056620000000,0,0,0
1,844,67056620000000,67056620105500,67056626240125,6134625,6240125,105500,67056630000000,0,0,0
1,845,67056630000000,67056630089750,67056635668750,5579000,5668750,89750,67056640000000,0,0,0
1,846,67056640000000,67056640109125,67056646165000,6055875,6165000,109125,67056650000000,0,0,0
1,847,67056650000000,67056650124250,67056655822500,5698250,5822500,124250,67056660000000,0,0,0
1,848,67056660000000,67056660069250,67056665954875,5885625,5954875,69250,67056670000000,0,0,0
1,849,67056670000000,67056670066875,67056675732750,5665875,5732750,66875,67056680000000,0,0,0
1,850,67056680000000,67056680109875,67056685944750,5834875,5944750,109875,67056690000000,0,0,0
1,851,67056690000000,67056690106750,67056695740250,5633500,5740250,106750,67056700000000,0,0,0
1,852,67056700000000,67056700113875,67056705800375,5686500,5800375,113875,67056710000000,0,0,0
1,853,67056710000000,67056710104500,67056715617875,5513375,5617875,104500,67056720000000,0,0,0
1,854,67056720000000,67056720108500,67056725914500,5806000,5914500,108500,67056730000000,0,0,0
1,855,67056730000000,67056730100750,67056735621625,5520875,5621625,100750,67056740000000,0,0,0
1,856,67056740000000,67056740104250,67056745857000,5752750,5857000,104250,67056750000000,0,0,0
1,857,67056750000000,67056750106000,67056755668500,5562500,5668500,106000,67056760000000,0,0,0
1,858,67056760000000,67056760107750,67056766250500,6142750,6250500,107750,67056770000000,0,0,0
1,859,67056770000000,67056770103875,67056775715000,5611125,5715000,103875,67056780000000,0,0,0
1,860,67056780000000,67056780103750,67056785922750,5819000,5922750,103750,67056790000000,0,0,0
1,861,67056790000000,67056790103750,67056795905750,5802000,5905750,103750,67056800000000,0,0,0
1,862,67056800000000,67056800106500,67056805843500,5737000,5843500,106500,67056810000000,0,0,0
1,863,67056810000000,67056810104875,67056815860750,5755875,5860750,104875,67056820000000,0,0,0
1,864,67056820000000,67056820088750,67056825887125,5798375,5887125,88750,67056830000000,0,0,0
1,865,67056830000000,67056830068625,67056835587625,5519000,5587625,68625,67056840000000,0,0,0
1,866,67056840000000,67056840129500,67056845901750,5772250,5901750,129500,67056850000000,0,0,0
1,867,67056850000000,67056850106000,67056855866000,5760000,5866000,106000,67056860000000,0,0,0
1,868,67056860000000,67056860094500,67056866157875,6063375,6157875,94500,67056870000000,0,0,0
1,869,67056870000000,67056870112000,67056875683250,5571250,5683250,112000,67056880000000,0,0,0
1,870,67056880000000,67056880111750,67056886096375,5984625,6096375,111750,67056890000000,0,0,0
1,871,67056890000000,67056890113750,67056895827250,5713500,5827250,113750,67056900000000,0,0,0
1,872,67056900000000,67056900111375,67056905875875,5764500,5875875,111375,67056910000000,0,0,0
1,873,67056910000000,67056910105250,67056915572250,5467000,5572250,105250,67056920000000,0,0,0
1,874,67056920000000,67056920106125,67056925937875,5831750,5937875,106125,67056930000000,0,0,0
1,875,67056930000000,67056930104875,67056935907875,5803000,5907875,104875,67056940000000,0,0,0
1,876,67056940000000,67056940107500,67056946141125,6033625,6141125,107500,67056950000000,0,0,0
1,877,67056950000000,67056950102625,67056956190250,6087625,6190250,102625,67056960000000,0,0,0
1,878,67056960000000,67056960092500,67056965998625,5906125,5998625,92500,67056970000000,0,0,0
1,879,67056970000000,67056970123375,67056975939625,5816250,5939625,123375,67056980000000,0,0,0
1,880,67056980000000,67056980091000,67056986161750,6070750,6161750,91000,67056990000000,0,0,0
1,881,67056990000000,67056990127875,67056996122500,5994625,6122500,127875,67057000000000,0,0,0
1,882,67057000000000,67057000090500,67057006044375,5953875,6044375,90500,67057010000000,0,0,0
1,883,67057010000000,67057010102375,67057015736125,5633750,5736125,102375,67057020000000,0,0,0
1,884,67057020000000,67057020112875,67057025959750,5846875,5959750,112875,67057030000000,0,0,0
1,885,67057030000000,67057030102625,67057035762125,5659500,5762125,102625,67057040000000,0,0,0
1,886,67057040000000,67057040115250,67057046189375,6074125,6189375,115250,67057050000000,0,0,0
1,887,67057050000000,67057050103500,67057056195250,6091750,6195250,103500,67057060000000,0,0,0
1,888,67057060000000,67057060095625,67057065901625,5806000,5901625,95625,67057070000000,0,0,0
1,889,67057070000000,67057070103125,67057075801875,5698750,5801875,103125,67057080000000,0,0,0
1,890,67057080000000,67057080129125,67057086039500,5910375,6039500,129125,67057090000000,0,0,0
1,891,67057090000000,67057090112000,67057096097625,5985625,6097625,112000,67057100000000,0,0,0
1,892,67057100000000,67057100092750,67057105928375,5835625,5928375,92750,67057110000000,0,0,0
1,893,67057110000000,67057110108125,67057115609250,5501125,5609250,108125,67057120000000,0,0,0
1,894,67057120000000,67057120110000,67057125917375,5807375,5917375,110000,67057130000000,0,0,0
1,895,67057130000000,67057130110625,67057135544625,5434000,5544625,110625,67057140000000,0,0,0
1,896,67057140000000,67057140107000,67057145891125,5784125,5891125,107000,67057150000000,0,0,0
1,897,67057150000000,67057150104500,67057155657125,5552625,5657125,104500,67057160000000,0,0,0
1,898,67057160000000,67057160109500,67057165888000,5778500,5888000,109500,67057170000000,0,0,0
1,899,67057170000000,67057170126875,67057175620000,5493125,5620000,126875,67057180000000,0,0,0
1,900,67057180000000,67057180111875,67057185856875,5745000,5856875,111875,67057190000000,0,0,0
1,901,67057190000000,67057190104625,67057195881875,5777250,5881875,104625,67057200000000,0,0,0
1,902,67057200000000,67057200111625,67057205861500,5749875,5861500,111625,67057210000000,0,0,0
1,903,67057210000000,67057210102500,67057215575250,5472750,5575250,102500,67057220000000,0,0,0
1,904,67057220000000,67057220104750,67057225888000,5783250,5888000,104750,67057230000000,0,0,0
1,905,67057230000000,67057230105500,67057235696375,5590875,5696375,105500,67057240000000,0,0,0
1,906,67057240000000,67057240105000,67057245834500,5729500,5834500,105000,67057250000000,0,0,0
1,907,67057250000000,67057250113375,67057255893750,5780375,5893750,113375,67057260000000,0,0,0
1,908,67057260000000,67057260104250,67057265943625,5839375,5943625,104250,67057270000000,0,0,0
1,909,67057270000000,67057270071750,67057275795500,5723750,5795500,71750,67057280000000,0,0,0
1,910,67057280000000,67057280129250,67057285993125,5863875,5993125,129250,67057290000000,0,0,0
1,911,67057290000000,67057290103750,67057296106750,6003000,6106750,103750,67057300000000,0,0,0
1,912,67057300000000,67057300090875,67057306224500,6133625,6224500,90875,67057310000000,0,0,0
1,913,67057310000000,67057310111250,67057315810250,5699000,5810250,111250,67057320000000,0,0,0
1,914,67057320000000,67057320104375,67057326015125,5910750,6015125,104375,67057330000000,0,0,0
1,915,67057330000000,67057330101000,67057335589125,5488125,5589125,101000,67057340000000,0,0,0
1,916,67057340000000,67057340107125,67057345919000,5811875,5919000,107125,67057350000000,0,0,0
1,917,67057350000000,67057350123000,67057355691375,5568375,5691375,123000,67057360000000,0,0,0
1,918,67057360000000,67057360108250,67057365874500,5766250,5874500,108250,67057370000000,0,0,0
1,919,67057370000000,67057370126125,67057375620250,5494125,5620250,126125,67057380000000,0,0,0
1,920,67057380000000,67057380111875,67057385851625,5739750,5851625,111875,67057390000000,0,0,0
1,921,67057390000000,67057390126750,67057396260875,6134125,6260875,126750,67057400000000,0,0,0
1,922,67057400000000,67057400094000,67057405866500,5772500,5866500,94000,67057410000000,0,0,0
1,923,67057410000000,67057410109250,67057415888250,5779000,5888250,109250,67057420000000,0,0,0
1,924,67057420000000,67057420109375,67057425952625,5843250,5952625,109375,67057430000000,0,0,0
1,925,67057430000000,67057430105500,67057435715500,5610000,5715500,105500,67057440000000,0,0,0
1,926,67057440000000,67057440107625,67057445921500,5813875,5921500,107625,67057450000000,0,0,0
1,927,67057450000000,67057450109375,67057455651125,5541750,5651125,109375,67057460000000,0,0,0
1,928,67057460000000,67057460124000,67057465897500,5773500,5897500,124000,67057470000000,0,0,0
1,929,67057470000000,67057470104375,67057475564625,5460250,5564625,104375,67057480000000,0,0,0
1,930,67057480000000,67057480127625,67057485960625,5833000,5960625,127625,67057490000000,0,0,0
1,931,67057490000000,67057490107625,67057496062875,5955250,6062875,107625,67057500000000,0,0,0
1,932,67057500000000,67057500094000,67057506048625,5954625,6048625,94000,67057510000000,0,0,0
1,933,67057510000000,67057510106500,67057515950750,5844250,5950750,106500,67057520000000,0,0,0
1,934,67057520000000,67057520091125,67057526101500,6010375,6101500,91125,67057530000000,0,0,0
1,935,67057530000000,67057530107625,67057535858250,5750625,5858250,107625,67057540000000,0,0,0
1,936,67057540000000,67057540103625,67057545928000,5824375,5928000,103625,67057550000000,0,0,0
1,937,67057550000000,67057550106625,67057555745000,5638375,5745000,106625,67057560000000,0,0,0
1,938,67057560000000,67057560111375,67057565991625,5880250,5991625,111375,67057570000000,0,0,0
1,939,67057570000000,67057570102500,67057575991750,5889250,5991750,102500,67057580000000,0,0,0
1,940,67057580000000,67057580090250,67057586042000,5951750,6042000,90250,67057590000000,0,0,0
1,941,67057590000000,67057590103125,67057595635500,5532375,5635500,103125,67057600000000,0,0,0
1,942,67057600000000,67057600105625,67057605939500,5833875,5939500,105625,67057610000000,0,0,0
1,943,67057610000000,67057610123750,67057615690875,5567125,5690875,123750,67057620000000,0,0,0
1,944,67057620000000,67057620105375,67057625877875,5772500,5877875,105375,67057630000000,0,0,0
1,945,67057630000000,67057630107375,67057635857875,5750500,5857875,107375,67057640000000,0,0,0
1,946,67057640000000,67057640106125,67057645952000,5845875,5952000,106125,67057650000000,0,0,0
1,947,67057650000000,67057650105625,67057656100875,5995250,6100875,105625,67057660000000,0,0,0
1,948,67057660000000,67057660094125,67057666012000,5917875,6012000,94125,67057670000000,0,0,0
1,949,67057670000000,67057670104250,67057675921500,5817250,5921500,104250,67057680000000,0,0,0
1,950,67057680000000,67057680231000,67057685973750,5742750,5973750,231000,67057690000000,0,0,0
1,951,67057690000000,67057690111125,67057695748625,5637500,5748625,111125,67057700000000,0,0,0
1,952,67057700000000,67057700136375,67057705924375,5788000,5924375,136375,67057710000000,0,0,0
1,953,67057710000000,67057710106000,67057715635625,5529625,5635625,106000,67057720000000,0,0,0
1,954,67057720000000,67057720106250,67057725925000,5818750,5925000,106250,67057730000000,0,0,0
1,955,67057730000000,67057730107125,67057735590750,5483625,5590750,107125,67057740000000,0,0,0
1,956,67057740000000,67057740109875,67057745909250,5799375,5909250,109875,67057750000000,0,0,0
1,957,67057750000000,67057750106750,67057755567875,5461125,5567875,106750,67057760000000,0,0,0
1,958,67057760000000,67057760073250,67057765807625,5734375,5807625,73250,67057770000000,0,0,0
1,959,67057770000000,67057770125250,67057775718000,5592750,5718000,125250,67057780000000,0,0,0
1,960,67057780000000,67057780109250,67057785961500,5852250,5961500,109250,67057790000000,0,0,0
1,961,67057790000000,67057790127625,67057795735500,5607875,5735500,127625,67057800000000,0,0,0
1,962,67057800000000,67057800111375,67057805849500,5738125,5849500,111375,67057810000000,0,0,0
1,963,67057810000000,67057810104750,67057815800500,5695750,5800500,104750,67057820000000,0,0,0
1,964,67057820000000,67057820105500,67057826063500,5958000,6063500,105500,67057830000000,0,0,0
1,965,67057830000000,67057830107375,67057835721000,5613625,5721000,107375,67057840000000,0,0,0
1,966,67057840000000,67057840109875,67057845994750,5884875,5994750,109875,67057850000000,0,0,0
1,967,67057850000000,67057850108125,67057855836000,5727875,5836000,108125,67057860000000,0,0,0
1,968,67057860000000,67057860108375,67057865936375,5828000,5936375,108375,67057870000000,0,0,0
1,969,67057870000000,67057870103625,67057875799375,5695750,5799375,103625,67057880000000,0,0,0
1,970,67057880000000,67057880109875,67057885962250,5852375,5962250,109875,67057890000000,0,0,0
1,971,67057890000000,67057890103250,67057895668875,5565625,5668875,103250,67057900000000,0,0,0
1,972,67057900000000,67057900126750,67057905973250,5846500,5973250,126750,67057910000000,0,0,0
1,973,67057910000000,67057910110000,67057915594750,5484750,5594750,110000,67057920000000,0,0,0
1,974,67057920000000,67057920128500,67057925950375,5821875,5950375,128500,67057930000000,0,0,0
1,975,67057930000000,67057930105125,67057935815875,5710750,5815875,105125,67057940000000,0,0,0
1,976,67057940000000,67057940109125,67057945970375,5861250,5970375,109125,67057950000000,0,0,0
1,977,67057950000000,67057950111125,67057955764750,5653625,5764750,111125,67057960000000,0,0,0
1,978,67057960000000,67057960108625,67057965948750,5840125,5948750,108625,67057970000000,0,0,0
1,979,67057970000000,67057970109625,67057975795000,5685375,5795000,109625,67057980000000,0,0,0
1,980,67057980000000,67057980104375,67057985937125,5832750,5937125,104375,67057990000000,0,0,0
1,981,67057990000000,67057990112875,67057996306000,6193125,6306000,112875,67058000000000,0,0,0
1,982,67058000000000,67058000091750,67058005976875,5885125,5976875,91750,67058010000000,0,0,0
1,983,67058010000000,67058010104375,67058015628125,5523750,5628125,104375,67058020000000,0,0,0
1,984,67058020000000,67058020108125,67058025880500,5772375,5880500,108125,67058030000000,0,0,0
1,985,67058030000000,67058030107125,67058035880250,5773125,5880250,107125,67058040000000,0,0,0
1,986,67058040000000,67058040104125,67058045854250,5750125,5854250,104125,67058050000000,0,0,0
1,987,67058050000000,67058050122000,67058055699125,5577125,5699125,122000,67058060000000,0,0,0
1,988,67058060000000,67058060113000,67058065979250,5866250,5979250,113000,67058070000000,0,0,0
1,989,67058070000000,67058070124625,67058076139500,6014875,6139500,124625,67058080000000,0,0,0
1,990,67058080000000,67058080094500,67058086016625,5922125,6016625,94500,67058090000000,0,0,0
1,991,67058090000000,67058090098750,67058095716500,5617750,5716500,98750,67058100000000,0,0,0
1,992,67058100000000,67058100110125,67058106208000,6097875,6208000,110125,67058110000000,0,0,0
1,993,67058110000000,67058110114125,67058115785125,5671000,5785125,114125,67058120000000,0,0,0
1,994,67058120000000,67058120112875,67058125957750,5844875,5957750,112875,67058130000000,0,0,0
1,995,67058130000000,67058130106500,67058135672750,5566250,5672750,106500,67058140000000,0,0,0
1,996,67058140000000,67058140104375,67058145868625,5764250,5868625,104375,67058150000000,0,0,0
1,997,67058150000000,67058150103750,67058155587625,5483875,5587625,103750,67058160000000,0,0,0
1,998,67058160000000,67058160124125,67058165835875,5711750,5835875,124125,67058170000000,0,0,0
1,999,67058170000000,67058170104000,67058175617375,5513375,5617375,104000,67058180000000,0,0,0
